openId,tag,openWallMs,packets,rawBytes,compressedBytes,instances,firstContentMs,completeMs,fillGapMs,deserializeMsTotal,applyMsTotal,viewRebuildMsTotal,longestStallMs,measureOverheadMs
17,P0_1000_1ch_A_r1,1788683648558,2,122891,18651,1000,20.235,30.000,9.765,4.155,3.909,2.054,2.155,4.891
18,P0_1000_1ch_A_r2,1788683655217,2,122891,18651,1000,7.112,12.000,4.888,3.552,3.734,2.124,2.136,3.276
19,P0_1000_1ch_A_r3,1788683661885,2,122891,18651,1000,7.112,11.000,3.888,3.505,3.984,1.950,2.254,3.053
20,P0_1000_1ch_B_r1,1788683668629,2,122891,18651,1000,9.179,15.000,5.821,3.834,3.623,2.795,1.950,3.211
21,P0_1000_1ch_B_r2,1788683675321,2,122891,18651,1000,7.081,16.000,8.919,3.573,7.660,1.881,5.615,3.048
22,P0_1000_1ch_B_r3,1788683682022,2,122891,18651,1000,6.869,15.000,8.131,4.626,5.032,1.833,2.953,3.500
23,delta_P0_1000_1ch_C_r1,1788683688673,2,122891,18651,1000,9.227,14.000,4.773,3.692,3.806,1.997,2.075,3.461
24,P0_1000_1ch_C_r1,1788683701336,2,121628,18512,997,7.557,12.000,4.443,3.525,3.661,2.588,2.056,3.078
25,delta_P0_1000_1ch_C_r2,1788683708060,2,121628,18512,997,37.766,42.000,4.234,3.811,3.662,2.027,2.086,3.338
26,P0_1000_1ch_C_r2,1788683720714,2,121046,18460,994,7.923,13.000,5.077,3.600,3.426,2.098,1.929,3.134
27,delta_P0_1000_1ch_C_r3,1788683727424,2,121046,18460,994,6.520,11.000,4.480,3.523,3.406,2.112,1.894,3.012
28,P0_1000_1ch_C_r3,1788683740080,2,120415,18369,991,7.397,12.000,4.603,3.519,3.628,2.192,2.022,3.244
29,delta_P0_1000_1ch_D_r1,1788683746765,2,120415,18369,991,7.329,12.000,4.671,3.414,3.679,2.370,2.109,3.093
30,P0_1000_1ch_D_r1,1788683759408,2,116644,17879,960,38.792,43.000,4.208,3.332,3.358,1.808,1.988,3.032
31,delta_P0_1000_1ch_D_r2,1788683766131,2,116644,17879,960,7.759,12.000,4.241,3.491,3.519,1.980,2.043,3.081
32,P0_1000_1ch_D_r2,1788683778819,2,110305,17037,932,8.397,12.000,3.603,3.712,4.211,1.932,2.788,2.909
33,delta_P0_1000_1ch_D_r3,1788683785485,2,110305,17037,932,7.026,11.000,3.974,3.296,3.485,2.053,2.056,2.866
34,P0_1000_1ch_D_r3,1788683798163,2,106873,16613,903,7.065,10.000,2.935,3.215,3.084,1.794,1.877,2.794
35,P0_1000_4ch_A_r1,1788683810836,4,123074,20638,1000,3.422,10.000,6.578,3.525,1.954,0.977,0.541,3.103
36,P0_1000_4ch_A_r2,1788683817475,4,123074,20638,1000,3.491,10.000,6.509,3.896,2.126,0.977,0.592,3.042
37,P0_1000_4ch_A_r3,1788683824121,4,123074,20638,1000,3.421,11.000,7.579,3.992,2.128,0.971,0.611,3.464
38,P0_1000_4ch_B_r1,1788683830766,4,123074,20638,1000,3.418,10.000,6.582,3.812,2.053,1.055,0.574,3.078
39,P0_1000_4ch_B_r2,1788683837474,4,123074,20638,1000,4.147,11.000,6.853,4.046,2.219,1.068,0.642,3.155
40,P0_1000_4ch_B_r3,1788683844066,4,123074,20638,1000,3.614,9.000,5.386,3.512,1.846,0.911,0.495,2.777
41,P0_1000_4ch_E_r1,1788683850822,4,123074,20638,1000,3.645,11.000,7.355,4.236,2.154,1.093,0.585,3.230
42,P0_1000_4ch_E_r2,1788683857769,6,123262,20786,1000,4.171,11.000,6.829,3.886,2.629,0.987,0.613,3.226
43,P0_1000_4ch_E_r3,1788683864620,6,123262,20786,1000,5.612,12.000,6.388,3.647,2.415,0.968,0.671,3.078
44,delta_P0_1000_4ch_C_r1,1788683871459,6,123262,20786,1000,7.103,15.000,7.897,4.153,2.074,1.002,0.522,3.143
45,P0_1000_4ch_C_r1,1788683884138,6,123015,20740,996,3.864,11.000,7.136,3.778,2.140,1.047,0.580,3.165
46,delta_P0_1000_4ch_C_r2,1788683890812,6,123015,20740,996,3.674,65.000,61.326,4.485,2.331,1.952,0.654,3.156
47,P0_1000_4ch_C_r2,1788683903530,6,122767,20694,992,3.599,11.000,7.401,3.614,1.999,0.985,0.553,3.062
48,delta_P0_1000_4ch_C_r3,1788683910123,6,122767,20694,992,3.330,11.000,7.670,3.842,2.444,1.001,0.705,3.371
49,P0_1000_4ch_C_r3,1788683922764,6,122525,20659,988,4.963,13.000,8.037,4.061,2.368,1.204,0.651,3.329
50,delta_P0_1000_4ch_D_r1,1788683929482,6,122525,20659,988,4.913,12.000,7.087,3.814,2.113,1.112,0.531,3.208
51,P0_1000_4ch_D_r1,1788683942111,6,118411,20177,956,5.720,12.000,6.280,5.193,1.961,1.083,0.510,3.146
52,delta_P0_1000_4ch_D_r2,1788683948773,6,118411,20177,956,5.563,12.000,6.437,3.548,1.981,1.095,0.545,3.186
53,P0_1000_4ch_D_r2,1788683961423,6,115660,19843,928,4.245,12.000,7.755,3.983,2.490,1.118,0.689,3.387
54,delta_P0_1000_4ch_D_r3,1788683968157,6,115660,19843,928,3.779,60.000,56.221,4.330,2.643,1.826,0.893,3.375
55,P0_1000_4ch_D_r3,1788683980859,6,111235,19380,900,3.311,10.000,6.689,3.590,1.880,1.099,0.509,3.074
56,P0_10000_1ch_A_r1,1788683993662,20,1439994,174760,10000,194.793,703.000,508.207,36.177,368.538,67.749,38.020,31.701
57,P0_10000_1ch_A_r2,1788684001128,20,1439994,174760,10000,138.668,521.000,382.332,37.363,350.612,61.572,32.838,31.798
58,P0_10000_1ch_A_r3,1788684008657,20,1439994,174760,10000,220.595,600.000,379.405,34.347,332.763,52.252,34.379,31.288
59,P0_10000_1ch_B_r1,1788684016047,20,1439994,174760,10000,123.990,598.000,474.010,40.744,421.767,57.323,35.953,33.871
60,P0_10000_1ch_B_r2,1788684023649,20,1439994,174760,10000,219.138,604.000,384.862,33.447,337.532,59.885,32.293,31.469
61,P0_10000_1ch_B_r3,1788684031056,20,1439994,174760,10000,221.565,619.000,397.435,37.897,346.602,53.553,34.694,32.788
62,delta_P0_10000_1ch_C_r1,1788684038458,20,1439994,174760,10000,220.127,673.000,452.873,35.616,402.972,61.715,37.140,32.382
63,P0_10000_1ch_C_r1,1788684050927,20,1434932,174413,9967,131.728,521.000,389.272,35.320,352.405,56.967,30.717,32.423
64,delta_P0_10000_1ch_C_r2,1788684058435,20,1434932,174413,9967,121.562,564.000,442.438,35.561,391.002,70.847,29.714,35.635
65,P0_10000_1ch_C_r2,1788684070716,20,1430362,174294,9934,325.671,716.000,390.329,35.771,347.336,54.421,44.010,32.013
66,delta_P0_10000_1ch_C_r3,1788684078215,20,1430362,174294,9934,120.278,502.000,381.722,35.072,334.235,71.251,32.415,31.682
67,P0_10000_1ch_C_r3,1788684090747,20,1424405,173903,9901,118.111,491.000,372.889,33.239,326.491,64.452,42.649,30.742
68,delta_P0_10000_1ch_D_r1,1788684098234,20,1424405,173903,9901,125.089,559.000,433.911,34.856,390.101,61.123,31.951,31.950
69,P0_10000_1ch_D_r1,1788684110831,19,1373082,167750,9583,118.275,463.000,344.725,31.981,300.760,54.157,27.349,29.842
70,delta_P0_10000_1ch_D_r2,1788684118281,19,1373082,167750,9583,126.375,539.000,412.625,48.228,354.839,66.489,24.422,34.550
71,P0_10000_1ch_D_r2,1788684130566,19,1321808,161999,9280,121.589,456.000,334.411,32.781,292.898,47.418,31.849,29.355
72,delta_P0_10000_1ch_D_r3,1788684137998,19,1321808,161999,9280,118.315,520.000,401.685,34.823,352.748,77.767,29.987,30.740
73,P0_10000_1ch_D_r3,1788684150306,18,1283327,157341,8998,116.870,424.000,307.130,29.614,265.552,47.169,25.260,27.435
74,P0_10000_4ch_A_r1,1788684163720,20,1235571,181730,10000,9.690,186.000,176.310,32.057,121.303,25.310,13.788,30.119
75,P0_10000_4ch_A_r2,1788684170664,20,1235571,181730,10000,8.994,166.000,157.006,30.067,103.039,24.284,6.679,29.670
76,P0_10000_4ch_A_r3,1788684177583,20,1235571,181730,10000,8.917,188.000,179.083,32.390,123.729,28.243,16.396,29.774
77,P0_10000_4ch_B_r1,1788684184536,20,1235571,181730,10000,17.071,202.000,184.929,35.815,126.477,22.759,8.864,34.311
78,P0_10000_4ch_B_r2,1788684191489,20,1235571,181730,10000,11.567,175.000,163.433,31.707,108.723,24.353,6.868,31.598
79,P0_10000_4ch_B_r3,1788684198419,20,1235571,181730,10000,9.448,186.000,176.552,39.984,111.971,31.208,8.423,31.709
80,P0_10000_4ch_E_r1,1788684205381,20,1235571,181730,10000,13.975,175.000,161.025,31.200,110.033,24.719,8.477,30.012
81,P0_10000_4ch_E_r2,1788684212507,22,1235759,181878,10000,12.246,186.000,173.754,30.829,119.059,22.855,17.604,30.119
82,P0_10000_4ch_E_r3,1788684219644,22,1235759,181878,10000,8.493,152.000,143.507,27.868,95.174,32.739,6.544,27.336
83,delta_P0_10000_4ch_C_r1,1788684226770,22,1235759,181878,10000,9.745,174.000,164.255,33.096,106.810,25.108,7.264,31.421
84,P0_10000_4ch_C_r1,1788684239702,22,1232227,181783,9968,9.973,174.000,164.027,31.994,107.637,24.937,7.236,30.809
85,delta_P0_10000_4ch_C_r2,1788684246631,22,1232227,181783,9968,9.164,186.000,176.836,40.222,111.962,26.985,8.457,30.780
86,P0_10000_4ch_C_r2,1788684259579,22,1225625,181191,9936,11.682,172.000,160.318,32.338,105.197,31.337,6.839,30.240
87,delta_P0_10000_4ch_C_r3,1788684266512,22,1225625,181191,9936,9.074,164.000,154.926,29.497,101.945,23.450,6.773,29.974
88,P0_10000_4ch_C_r3,1788684279432,22,1218583,180480,9904,21.159,191.000,169.841,37.133,117.140,25.727,8.860,33.582
89,delta_P0_10000_4ch_D_r1,1788684286479,22,1218583,180480,9904,10.417,178.000,167.583,31.159,112.520,20.189,17.287,29.879
90,P0_10000_4ch_D_r1,1788684299405,22,1174660,174742,9589,12.860,164.000,151.140,30.292,103.082,30.995,7.726,28.113
91,delta_P0_10000_4ch_D_r2,1788684306335,22,1174660,174742,9589,17.644,178.000,160.356,32.846,109.548,33.143,8.382,33.035
92,P0_10000_4ch_D_r2,1788684319276,22,1129082,168913,9298,12.754,165.000,152.246,27.011,107.404,25.220,8.258,27.605
93,delta_P0_10000_4ch_D_r3,1788684326196,22,1129082,168913,9298,8.235,216.000,207.765,32.571,150.697,32.578,22.414,29.352
94,P0_10000_4ch_D_r3,1788684339190,22,1095165,164194,9022,8.732,164.000,155.268,26.510,109.011,20.918,16.857,25.993
95,P0_50000_1ch_A_r1,1788684360208,98,7545510,861483,50000,3376.725,13799.000,10422.275,282.394,10032.130,0.000,531.087,170.339
96,P0_50000_1ch_A_r2,1788684380960,98,7545510,861483,50000,3174.506,10415.000,7240.494,176.595,6968.512,0.000,147.983,158.797
97,P0_50000_1ch_A_r3,1788684398081,98,7545510,861483,50000,3286.273,10549.000,7262.727,181.127,6994.644,0.000,123.506,160.499
98,P0_50000_1ch_B_r1,1788684415412,98,7545510,861483,50000,3273.901,10274.000,7000.099,170.288,6740.305,0.000,108.733,154.411
99,P0_50000_1ch_B_r2,1788684432472,98,7545510,861483,50000,3186.733,10493.000,7306.267,181.505,7037.420,0.000,114.418,162.907
100,P0_50000_1ch_B_r3,1788684449841,98,7545510,861483,50000,3073.460,10219.000,7145.540,173.942,6876.343,0.000,109.651,157.958
101,delta_P0_50000_1ch_C_r1,1788684466918,98,7545510,861483,50000,3400.466,10638.000,7237.534,180.821,6987.446,0.000,111.436,159.292
102,P0_50000_1ch_C_r1,1788684491276,98,7515628,858435,49833,3098.553,10192.000,7093.447,177.048,6848.218,0.000,123.302,155.847
103,delta_P0_50000_1ch_C_r2,1788684508281,98,7515628,858435,49833,3176.039,10164.000,6987.961,171.255,6725.661,0.000,132.119,154.015
104,P0_50000_1ch_C_r2,1788684531489,98,7482983,856146,49670,2985.778,10128.000,7142.222,179.919,6875.173,0.000,113.453,162.026
105,delta_P0_50000_1ch_C_r3,1788684548469,98,7482983,856146,49670,3270.474,10273.000,7002.526,207.519,6697.279,0.000,102.968,157.270
106,P0_50000_1ch_C_r3,1788684571878,97,7451643,853406,49505,3087.934,10274.000,7186.066,178.900,6923.642,0.000,124.487,161.392
107,delta_P0_50000_1ch_D_r1,1788684588916,97,7451643,853406,49505,3068.793,9984.000,6915.207,170.568,6648.692,0.000,103.366,155.696
108,P0_50000_1ch_D_r1,1788684613967,94,7159725,820779,47923,2975.939,9515.000,6539.061,203.773,6250.552,0.000,111.860,151.063
109,delta_P0_50000_1ch_D_r2,1788684630375,94,7159725,820779,47923,2882.686,9493.000,6610.314,170.328,6360.209,0.000,106.817,152.583
110,P0_50000_1ch_D_r2,1788684653298,91,6887258,790466,46460,2668.097,8799.000,6130.903,159.881,5884.408,0.000,116.668,144.706
111,delta_P0_50000_1ch_D_r3,1788684669150,91,6887258,790466,46460,2767.970,8696.000,5928.030,156.260,5689.888,0.000,94.370,140.332
112,P0_50000_1ch_D_r3,1788684690817,89,6628014,761190,45100,2565.309,8150.000,5584.691,149.170,5355.721,0.000,94.726,137.399
113,P0_50000_4ch_A_r1,1788684714467,100,7281084,872473,50000,232.130,4565.000,4332.870,170.592,4032.013,0.000,103.794,154.653
114,P0_50000_4ch_A_r2,1788684725851,100,7281084,872473,50000,227.704,4634.000,4406.296,176.660,4089.824,0.000,90.460,159.832
115,P0_50000_4ch_A_r3,1788684737287,100,7281084,872473,50000,227.069,4580.000,4352.931,174.698,4041.054,0.000,95.778,156.992
116,P0_50000_4ch_B_r1,1788684748704,100,7281084,872473,50000,223.090,4583.000,4359.910,171.156,4050.986,0.000,86.872,153.410
117,P0_50000_4ch_B_r2,1788684760114,100,7281084,872473,50000,221.456,4630.000,4408.544,174.747,4093.142,0.000,91.547,154.389
118,P0_50000_4ch_B_r3,1788684771510,100,7281084,872473,50000,323.026,4867.000,4543.974,180.285,4219.919,0.000,124.513,158.889
119,P0_50000_4ch_E_r1,1788684783142,100,7281084,872473,50000,221.792,4551.000,4329.208,167.302,4024.388,0.000,93.192,152.121
120,P0_50000_4ch_E_r2,1788684794608,102,7281272,872621,50000,220.719,4486.000,4265.281,166.028,3961.028,0.000,99.971,151.624
121,P0_50000_4ch_E_r3,1788684806048,102,7281272,872621,50000,224.354,4666.000,4441.646,179.965,4121.144,0.000,94.508,157.217
122,delta_P0_50000_4ch_C_r1,1788684817656,102,7281272,872621,50000,227.996,4514.000,4286.004,168.329,3985.450,0.000,95.397,152.544
123,P0_50000_4ch_C_r1,1788684833931,102,7253134,870551,49832,233.155,4715.000,4481.845,174.635,4178.827,0.000,100.293,154.340
124,delta_P0_50000_4ch_C_r2,1788684845489,102,7253134,870551,49832,233.267,4551.000,4317.733,174.132,4017.629,0.000,99.469,152.542
125,P0_50000_4ch_C_r2,1788684861943,102,7221078,867735,49668,223.820,4700.000,4476.180,211.532,4123.024,0.000,100.906,157.840
126,delta_P0_50000_4ch_C_r3,1788684873486,102,7221078,867735,49668,231.064,4481.000,4249.936,168.218,3909.013,0.000,85.588,195.986
127,P0_50000_4ch_C_r3,1788684889935,102,7191636,865238,49501,220.053,4650.000,4429.947,179.359,4107.420,0.000,100.128,155.586
128,delta_P0_50000_4ch_D_r1,1788684901399,102,7191636,865238,49501,324.493,4491.000,4166.507,162.231,3873.601,0.000,92.342,147.733
129,P0_50000_4ch_D_r1,1788684917134,98,6905570,832820,47922,219.840,4271.000,4051.160,180.602,3735.357,0.000,85.635,147.580
130,delta_P0_50000_4ch_D_r2,1788684928184,98,6905570,832820,47922,221.421,4082.000,3860.579,183.361,3516.731,0.000,88.211,175.783
131,P0_50000_4ch_D_r2,1788684943556,94,6662818,804649,46450,220.192,4242.000,4021.808,165.210,3725.904,0.000,90.525,145.067
132,delta_P0_50000_4ch_D_r3,1788684954575,94,6662818,804649,46450,223.841,4017.000,3793.159,156.560,3514.118,0.000,89.432,140.847
133,P0_50000_4ch_D_r3,1788684970138,93,6401878,774252,45058,218.222,3845.000,3626.778,153.936,3346.449,0.000,91.161,138.140
134,P0_10000_1chcraft_A_r1,1788685040725,22,1440182,174846,10000,220.052,597.000,376.948,36.678,329.099,72.012,19.314,30.981
135,P0_10000_1chcraft_A_r2,1788685048229,22,1440182,174846,10000,222.293,598.000,375.707,36.404,327.392,56.222,28.209,33.186
136,P0_10000_1chcraft_A_r3,1788685055610,22,1440182,174846,10000,218.489,567.000,348.511,32.991,301.924,88.099,17.554,30.761
137,P0_10000_1chcraft_B_r1,1788685062996,22,1440182,174846,10000,126.475,496.000,369.525,34.400,330.275,55.598,27.575,31.024
138,P0_10000_1chcraft_B_r2,1788685070472,22,1440182,174846,10000,118.770,481.000,362.230,34.366,315.659,58.445,18.519,30.453
139,P0_10000_1chcraft_B_r3,1788685077937,22,1440182,174846,10000,121.531,492.000,370.469,34.853,323.028,53.983,29.064,33.443
140,P0ctl_1000_1ch_A_r1,1788685139933,2,122891,18651,1000,11.628,19.000,7.372,8.303,3.947,3.348,2.143,5.453
141,P0ctl_1000_1ch_A_r2,1788685146933,2,122891,18651,1000,7.706,13.000,5.294,4.870,3.701,2.205,2.063,3.274
142,P0ctl_1000_1ch_A_r3,1788685153933,2,122891,18651,1000,7.826,13.000,5.174,4.915,3.562,2.481,1.931,3.091
143,P0ctl_1000_1ch_B_r1,1788685160933,2,122891,18651,1000,7.687,13.000,5.313,4.817,3.736,2.116,2.029,3.177
144,P0ctl_1000_1ch_B_r2,1788685167935,2,122891,18651,1000,7.439,12.000,4.561,4.707,3.697,2.069,2.006,3.087
145,P0ctl_1000_1ch_B_r3,1788685174935,2,122891,18651,1000,7.222,12.000,4.778,4.150,3.651,2.220,1.874,3.225
146,P0ctl_10000_1ch_A_r1,1788685187935,20,1439994,174718,10000,222.073,633.000,410.927,40.661,359.572,58.527,36.044,32.223
147,P0ctl_10000_1ch_A_r2,1788685195547,20,1439994,174718,10000,122.060,488.000,365.940,39.434,315.203,59.297,18.602,32.425
148,P0ctl_10000_1ch_A_r3,1788685203318,20,1439994,174718,10000,126.127,511.000,384.873,36.104,343.572,55.589,41.135,31.242
149,P0ctl_10000_1ch_B_r1,1788685211008,20,1439994,174718,10000,119.747,471.000,351.253,33.332,305.418,59.315,18.789,30.714
150,P0ctl_10000_1ch_B_r2,1788685218664,20,1439994,174718,10000,130.925,517.000,386.075,34.349,346.780,57.834,34.554,31.176
151,P0ctl_10000_1ch_B_r3,1788685226359,20,1439994,174718,10000,219.228,581.000,361.772,34.903,312.298,56.990,17.621,32.243
152,P1_1000_1ch_A_r1,1788685244888,2,122891,18651,1000,110.889,119.000,8.111,4.485,3.622,2.010,2.050,10.875
153,P1_1000_1ch_A_r2,1788685252188,2,122891,18651,1000,105.251,110.000,4.749,3.565,3.427,2.072,1.942,3.125
154,P1_1000_1ch_A_r3,1788685259488,2,122891,18651,1000,105.013,110.000,4.987,3.431,3.417,2.005,1.903,3.029
155,P1_1000_1ch_B_r1,1788685266788,2,122891,18651,1000,105.502,110.000,4.498,3.672,3.668,2.115,2.060,3.306
156,P1_1000_1ch_B_r2,1788685274088,2,122891,18651,1000,6.611,11.000,4.389,3.701,3.390,2.034,1.823,2.985
157,P1_1000_1ch_B_r3,1788685281088,2,122891,18651,1000,108.435,116.000,7.565,5.573,6.276,2.909,3.434,4.101
158,P1_10000_1ch_A_r1,1788685294388,20,1439994,174707,10000,221.197,596.000,374.803,36.973,326.159,61.771,18.756,32.007
159,P1_10000_1ch_A_r2,1788685301968,20,1439994,174707,10000,221.354,629.000,407.646,37.365,359.101,52.637,52.603,31.923
160,P1_10000_1ch_A_r3,1788685309571,20,1439994,174707,10000,221.190,577.000,355.810,34.587,309.676,59.858,17.812,31.131
161,P1_10000_1ch_B_r1,1788685317329,20,1439994,174707,10000,119.735,516.000,396.265,36.873,345.875,49.919,33.216,32.578
162,P1_10000_1ch_B_r2,1788685324821,20,1439994,174707,10000,219.275,568.000,348.725,33.478,302.654,58.653,17.679,30.669
163,P1_10000_1ch_B_r3,1788685332372,20,1439994,174707,10000,220.585,578.000,357.415,34.796,311.212,69.843,19.082,31.099
164,P1_50000_1ch_A_r1,1788685353745,98,7545510,861176,50000,3300.843,10519.000,7218.157,179.784,6969.835,0.000,124.436,158.917
165,P1_50000_1ch_A_r2,1788685371270,98,7545510,861176,50000,3379.861,10696.000,7316.139,181.706,7045.366,0.000,115.542,158.901
166,P1_50000_1ch_A_r3,1788685389135,98,7545510,861176,50000,3380.702,10570.000,7189.298,182.485,6918.654,0.000,111.148,159.879
167,P1_50000_1ch_B_r1,1788685406715,98,7545510,861176,50000,3387.933,10888.000,7500.067,188.098,7230.873,0.000,119.912,160.971
168,P1_50000_1ch_B_r2,1788685424780,98,7545510,861176,50000,3171.003,10285.000,7113.997,179.000,6839.381,0.000,109.284,158.809
169,P1_50000_1ch_B_r3,1788685442236,98,7545510,861176,50000,3488.261,10775.000,7286.739,186.468,7018.077,0.000,124.458,158.553
170,P1_10000_4ch_A_r1,1788685471035,20,1235571,181730,10000,107.727,278.000,170.273,30.878,117.299,20.786,20.531,29.944
171,P1_10000_4ch_A_r2,1788685478256,20,1235571,181730,10000,8.647,166.000,157.353,31.323,102.978,25.530,6.872,30.195
172,P1_10000_4ch_A_r3,1788685485370,20,1235571,181730,10000,10.453,184.000,173.547,33.422,115.771,28.057,7.686,32.188
173,P1_10000_4ch_B_r1,1788685492504,20,1235571,181730,10000,8.656,170.000,161.344,31.228,105.803,24.739,6.886,30.423
174,P1_10000_4ch_B_r2,1788685499618,20,1235571,181730,10000,9.926,168.000,158.074,30.629,105.196,24.865,7.299,29.634
175,P1_10000_4ch_B_r3,1788685506732,20,1235571,181730,10000,107.788,284.000,176.212,31.665,121.205,24.051,20.690,30.501
176,delta_P1_10000_1ch_C_r1,1788685524712,20,1439994,174744,10000,234.243,603.000,368.757,38.139,331.416,59.394,30.499,32.580
177,P1_10000_1ch_C_r1,1788685537295,20,1433316,174255,9967,218.167,582.000,363.833,33.949,317.642,53.770,33.322,30.084
178,delta_P1_10000_1ch_C_r2,1788685544850,20,1433316,174255,9967,226.554,577.000,350.446,36.749,308.228,57.499,21.011,31.689
179,P1_10000_1ch_C_r2,1788685557407,20,1429090,174088,9935,218.941,572.000,353.059,48.665,292.086,55.301,16.631,30.686
180,delta_P1_10000_1ch_C_r3,1788685564957,20,1429090,174088,9935,219.512,581.000,361.488,36.644,311.798,60.517,21.337,31.649
181,P1_10000_1ch_C_r3,1788685577619,20,1421947,173650,9903,118.639,497.000,378.361,61.685,303.197,56.148,17.569,31.029
182,delta_P1_10000_1ch_D_r1,1788685585194,20,1421947,173650,9903,227.644,581.000,353.356,35.043,312.738,65.479,21.305,32.637
183,P1_10000_1ch_D_r1,1788685598822,19,1366449,166548,9591,124.785,466.000,341.215,32.736,299.019,54.826,30.474,29.574
184,delta_P1_10000_1ch_D_r2,1788685606467,19,1366449,166548,9591,219.270,551.000,331.730,33.236,287.878,55.021,19.817,29.615
185,P1_10000_1ch_D_r2,1788685619049,19,1316879,161112,9307,217.682,546.000,328.318,32.565,262.936,52.979,16.369,49.844
186,delta_P1_10000_1ch_D_r3,1788685626670,19,1316879,161112,9307,234.180,561.000,326.820,35.311,295.807,52.066,28.707,30.100
187,P1_10000_1ch_D_r3,1788685639238,18,1266150,155220,9023,216.897,536.000,319.103,52.294,254.326,43.300,20.836,28.363
188,P2_1000_1ch_A_r1,1788685658741,2,122891,18651,1000,105.696,110.000,4.304,3.744,3.441,2.162,1.888,3.346
189,P2_1000_1ch_A_r2,1788685666041,2,122891,18651,1000,8.699,13.000,4.301,4.057,4.911,2.187,3.326,3.714
190,P2_1000_1ch_A_r3,1788685673341,2,122891,18651,1000,8.284,13.000,4.716,5.106,3.547,2.071,1.959,3.134
191,P2_1000_1ch_B_r1,1788685680641,2,122891,18651,1000,105.466,111.000,5.534,3.656,3.833,1.969,1.999,3.106
192,P2_1000_1ch_B_r2,1788685687941,2,122891,18651,1000,7.716,13.000,5.284,3.635,3.668,2.175,2.033,3.219
193,P2_1000_1ch_B_r3,1788685695241,2,122891,18651,1000,7.638,13.000,5.362,3.762,4.023,2.385,2.193,3.343
194,P2_10000_1ch_A_r1,1788685708641,20,1439994,174786,10000,219.522,618.000,398.478,35.734,349.315,52.938,46.119,31.399
195,P2_10000_1ch_A_r2,1788685716332,20,1439994,174786,10000,219.733,571.000,351.267,33.853,306.751,56.891,18.080,30.281
196,P2_10000_1ch_A_r3,1788685724079,20,1439994,174786,10000,119.404,489.000,369.596,34.294,322.350,49.795,34.384,31.233
197,P2_10000_1ch_A_r3,1788685727839,20,1439994,174786,10000,220.341,585.000,364.659,36.115,315.584,58.680,18.719,32.100
198,P2_10000_1ch_B_r1,1788685734903,20,1439994,174786,10000,219.355,578.000,358.645,36.364,310.083,67.410,17.880,31.790
199,P2_10000_1ch_B_r2,1788685742570,20,1439994,174786,10000,217.092,563.000,345.908,32.650,299.669,56.624,18.956,30.449
200,P2_10000_1ch_B_r3,1788685750210,20,1439994,174786,10000,219.556,585.000,365.444,36.481,316.740,58.594,20.515,31.158
201,P2_50000_1ch_A_r1,1788685772174,98,7545510,861489,50000,3310.021,4715.000,1404.979,200.868,1.260,0.000,1.024,173.704
202,P2_50000_1ch_A_r1,1788685782280,98,7545510,861489,50000,3386.521,10790.000,7403.479,183.454,7133.509,0.000,121.618,160.660
203,P2_50000_1ch_A_r2,1788685796392,98,7545510,861489,50000,3370.945,10637.000,7266.055,183.475,6987.417,0.000,116.308,158.096
204,P2_50000_1ch_A_r3,1788685814240,98,7545510,861489,50000,3478.824,11098.000,7619.176,211.733,7306.771,0.000,128.681,170.258
205,P2_50000_1ch_B_r1,1788685832352,98,7545510,861489,50000,3476.988,10679.000,7202.012,178.353,6934.559,0.000,113.300,157.932
206,P2_50000_1ch_B_r2,1788685850427,98,7545510,861489,50000,3102.972,4514.000,1411.028,190.760,0.073,0.000,0.001,163.766
207,P2_50000_1ch_B_r2,1788685860227,98,7545510,861489,50000,3203.129,4610.000,1406.871,174.212,0.071,0.000,0.001,160.925
208,P2_50000_1ch_B_r2,1788685870127,98,7545510,861489,50000,3285.684,10637.000,7351.316,201.958,7065.333,0.000,136.965,160.146
209,P2_50000_1ch_B_r2,1788685883820,98,7545510,861489,50000,3275.595,10397.000,7121.405,175.195,6856.651,0.000,129.878,157.681
210,P2_50000_1ch_B_r3,1788685897545,98,7545510,861489,50000,3275.970,10594.000,7318.030,222.172,7003.300,0.000,122.533,159.208
211,P2_10000_4ch_A_r1,1788685927084,20,1235571,181730,10000,107.081,298.000,190.919,29.423,101.844,40.460,6.993,29.791
212,P2_10000_4ch_A_r2,1788685934436,20,1235571,181730,10000,107.368,304.000,196.632,31.024,104.522,41.045,6.964,30.120
213,P2_10000_4ch_A_r3,1788685941790,20,1235571,181730,10000,106.867,295.000,188.133,30.142,99.892,41.846,6.651,28.911
214,P2_10000_4ch_B_r1,1788685949139,20,1235571,181730,10000,107.121,305.000,197.879,30.355,103.851,45.294,7.401,29.776
215,P2_10000_4ch_B_r2,1788685956717,20,1235571,181730,10000,8.373,263.000,254.627,30.294,102.707,47.751,7.016,29.741
216,P2_10000_4ch_B_r3,1788685964127,20,1235571,181730,10000,9.680,219.000,209.320,32.856,111.797,45.593,7.155,31.194
217,P2_10000_4ch_B_r3,1788685967820,20,1235571,181730,10000,9.936,269.000,259.064,33.006,109.933,53.172,7.030,30.691
218,delta_P2_10000_1ch_C_r1,1788685986714,20,1439994,174692,10000,220.829,594.000,373.171,34.540,327.959,56.531,36.665,31.169
219,P2_10000_1ch_C_r1,1788685999385,20,1432822,174121,9967,218.949,558.000,339.051,32.085,296.994,57.899,20.544,28.684
220,delta_P2_10000_1ch_C_r2,1788686007123,20,1432822,174121,9967,118.258,477.000,358.742,32.859,314.008,51.370,31.449,29.956
221,delta_P2_10000_1ch_C_r2,1788686010871,20,1432822,174121,9967,220.473,573.000,352.527,33.954,307.392,59.095,19.346,31.432
222,P2_10000_1ch_C_r2,1788686024024,20,1424596,173484,9934,118.767,480.000,361.233,33.791,314.538,52.807,30.835,30.483
223,P2_10000_1ch_C_r2,1788686027976,20,1424596,173484,9934,221.438,565.000,343.562,32.695,300.499,57.152,18.123,30.734
224,P2_10000_1ch_C_r2,1788686031719,20,1424596,173484,9934,218.375,573.000,354.625,32.815,309.344,48.527,31.231,30.338
225,delta_P2_10000_1ch_C_r3,1788686038761,20,1424596,173484,9934,219.187,565.000,345.813,33.455,300.487,57.827,17.714,30.618
226,P2_10000_1ch_C_r3,1788686051408,20,1419393,173121,9902,219.787,575.000,355.213,33.633,310.776,48.152,31.857,30.454
227,delta_P2_10000_1ch_D_r1,1788686059051,20,1419393,173121,9902,218.603,558.000,339.397,32.854,293.560,55.204,17.675,29.994
228,P2_10000_1ch_D_r1,1788686071760,19,1361460,166047,9582,217.895,551.000,333.105,32.493,289.016,48.754,31.369,29.065
229,delta_P2_10000_1ch_D_r2,1788686079380,19,1361460,166047,9582,217.830,533.000,315.170,31.609,272.123,53.430,17.046,29.044
230,P2_10000_1ch_D_r2,1788686092127,19,1310439,160340,9287,118.158,452.000,333.842,33.913,288.309,42.154,30.409,29.549
231,P2_10000_1ch_D_r2,1788686095844,19,1310439,160340,9287,217.109,499.000,281.891,29.293,242.440,50.436,15.281,26.963
232,delta_P2_10000_1ch_D_r3,1788686102814,19,1310439,160340,9287,217.940,506.000,288.060,31.124,246.816,52.878,16.389,27.472
233,P2_10000_1ch_D_r3,1788686115430,18,1264601,154864,9017,219.543,499.000,279.457,29.986,238.141,44.124,15.057,28.666
234,P3_1000_1ch_A_r1,1788686137269,2,122891,18651,1000,6.441,11.000,4.559,3.574,3.398,1.936,1.814,3.096
235,P3_1000_1ch_A_r1,1788686141069,2,122891,18651,1000,7.046,12.000,4.954,3.939,3.592,2.026,1.934,3.117
236,P3_1000_1ch_A_r1,1788686144869,2,122891,18651,1000,6.989,12.000,5.011,3.653,3.600,2.003,1.932,3.142
237,P3_1000_1ch_A_r1,1788686148869,2,122891,18651,1000,7.365,12.000,4.635,4.074,3.672,2.778,1.949,3.065
238,P3_1000_1ch_A_r1,1788686152669,2,122891,18651,1000,7.530,12.000,4.470,4.118,3.722,2.204,2.003,3.232
239,P3_1000_1ch_A_r1,1788686156469,2,122891,18651,1000,6.875,11.000,4.125,3.649,3.710,2.070,1.909,3.141
240,P3_1000_1ch_A_r2,1788686160469,2,122891,18651,1000,6.882,11.000,4.118,3.724,3.579,2.132,1.924,3.167
241,P3_1000_1ch_A_r2,1788686164269,2,122891,18651,1000,6.749,11.000,4.251,3.740,3.568,2.142,1.888,3.190
242,P3_1000_1ch_A_r2,1788686168069,2,122891,18651,1000,6.815,12.000,5.185,3.839,3.612,2.118,1.948,3.112
243,P3_1000_1ch_A_r2,1788686172071,2,122891,18651,1000,6.576,11.000,4.424,3.681,3.493,2.031,1.890,3.141
244,P3_1000_1ch_A_r2,1788686175872,2,122891,18651,1000,6.827,12.000,5.173,3.733,3.612,2.109,1.922,3.419
245,P3_1000_1ch_A_r2,1788686179682,2,122891,18651,1000,8.588,14.000,5.412,4.899,3.902,2.105,2.158,3.410
246,P3_1000_1ch_A_r3,1788686183682,2,122891,18651,1000,6.844,12.000,5.156,3.672,3.465,2.029,1.898,3.009
247,P3_1000_1ch_A_r3,1788686187482,2,122891,18651,1000,6.333,11.000,4.667,3.516,3.517,1.979,1.964,2.990
248,P3_1000_1ch_A_r3,1788686191282,2,122891,18651,1000,6.793,12.000,5.207,3.773,3.742,2.287,1.999,3.112
249,P3_1000_1ch_A_r3,1788686195282,2,122891,18651,1000,6.558,11.000,4.442,3.670,3.502,1.997,1.913,3.052
250,P3_1000_1ch_A_r3,1788686199182,2,122891,18651,1000,6.670,12.000,5.330,3.592,3.602,1.988,1.826,3.063
251,P3_1000_1ch_A_r3,1788686202982,2,122891,18651,1000,6.665,12.000,5.335,3.818,3.725,2.049,1.928,3.060
252,P3_1000_1ch_B_r1,1788686206982,2,122891,18651,1000,6.729,12.000,5.271,3.688,3.659,2.083,1.901,3.022
253,P3_1000_1ch_B_r1,1788686210782,2,122891,18651,1000,6.224,11.000,4.776,3.691,3.304,2.003,1.740,2.971
254,P3_1000_1ch_B_r1,1788686214582,2,122891,18651,1000,6.733,12.000,5.267,3.716,3.679,2.149,1.944,3.094
255,P3_1000_1ch_B_r1,1788686218582,2,122891,18651,1000,6.361,11.000,4.639,3.519,3.456,1.993,1.917,2.825
256,P3_1000_1ch_B_r1,1788686222382,2,122891,18651,1000,7.083,12.000,4.917,3.665,3.809,2.102,2.155,3.118
257,P3_1000_1ch_B_r1,1788686226182,2,122891,18651,1000,6.917,12.000,5.083,3.847,3.758,2.105,2.050,3.197
258,P3_1000_1ch_B_r2,1788686230182,2,122891,18651,1000,6.622,11.000,4.378,3.562,3.483,2.033,1.918,3.163
259,P3_1000_1ch_B_r2,1788686233984,2,122891,18651,1000,6.749,11.000,4.251,3.818,3.646,2.304,1.931,3.170
260,P3_1000_1ch_B_r2,1788686237784,2,122891,18651,1000,6.896,12.000,5.104,3.881,3.928,2.062,2.041,3.214
261,P3_1000_1ch_B_r2,1788686241784,2,122891,18651,1000,6.398,11.000,4.602,3.584,3.431,2.044,1.839,3.031
262,P3_1000_1ch_B_r2,1788686245584,2,122891,18651,1000,6.756,12.000,5.244,3.731,3.720,2.030,2.004,3.193
263,P3_1000_1ch_B_r2,1788686249384,2,122891,18651,1000,6.595,11.000,4.405,3.605,3.597,2.087,1.877,3.080
264,P3_1000_1ch_B_r3,1788686253384,2,122891,18651,1000,6.474,11.000,4.526,3.645,3.502,2.133,1.874,3.069
265,P3_1000_1ch_B_r3,1788686257184,2,122891,18651,1000,6.782,12.000,5.218,3.737,3.870,1.951,2.146,3.169
266,P3_1000_1ch_B_r3,1788686260984,2,122891,18651,1000,6.871,12.000,5.129,3.714,3.664,2.004,2.005,3.053
267,P3_1000_1ch_B_r3,1788686264984,2,122891,18651,1000,6.549,11.000,4.451,3.775,3.442,2.069,1.854,3.089
268,P3_1000_1ch_B_r3,1788686268784,2,122891,18651,1000,6.869,12.000,5.131,3.708,3.678,2.320,1.947,3.149
269,P3_1000_1ch_B_r3,1788686272585,2,122891,18651,1000,6.970,11.000,4.030,3.904,3.786,2.058,2.035,3.131
270,P3_10000_1ch_A_r1,1788686282584,20,1439994,174719,10000,141.143,800.000,658.857,37.994,346.454,200.821,37.494,31.312
271,P3_10000_1ch_A_r1,1788686286372,20,1439994,174719,10000,120.066,796.000,675.934,35.484,311.442,150.632,18.037,30.874
272,P3_10000_1ch_A_r1,1788686290151,20,1439994,174719,10000,219.098,874.000,654.902,34.356,306.298,195.079,19.902,31.654
273,P3_10000_1ch_A_r1,1788686294209,20,1439994,174719,10000,220.104,809.000,588.896,36.290,330.826,161.712,39.708,31.598
274,P3_10000_1ch_A_r1,1788686297995,20,1439994,174719,10000,118.546,774.000,655.454,35.006,303.408,176.016,18.575,31.621
275,P3_10000_1ch_A_r1,1788686301844,20,1439994,174719,10000,118.493,800.000,681.507,37.096,343.307,161.632,45.730,31.473
276,P3_10000_1ch_A_r2,1788686305816,20,1439994,174719,10000,221.025,819.000,597.975,39.748,360.958,157.505,32.444,33.517
277,P3_10000_1ch_A_r2,1788686309616,20,1439994,174719,10000,118.367,817.000,698.633,34.778,300.289,180.261,17.661,31.177
278,P3_10000_1ch_A_r2,1788686313411,20,1439994,174719,10000,220.369,831.000,610.631,32.829,302.066,195.600,18.916,30.059
279,P3_10000_1ch_A_r2,1788686317417,20,1439994,174719,10000,119.197,816.000,696.803,34.522,324.629,181.488,37.033,30.924
280,P3_10000_1ch_A_r2,1788686321208,20,1439994,174719,10000,218.707,842.000,623.293,34.976,307.604,213.560,18.856,31.724
281,P3_10000_1ch_A_r2,1788686325046,20,1439994,174719,10000,119.311,768.000,648.689,35.694,308.362,182.735,19.284,31.726
282,P3_10000_1ch_A_r3,1788686329090,20,1439994,174719,10000,118.942,802.000,683.058,34.722,304.041,206.702,17.253,31.165
283,P3_10000_1ch_A_r3,1788686332866,20,1439994,174719,10000,119.255,796.000,676.745,36.877,309.656,173.768,17.544,31.826
284,P3_10000_1ch_A_r3,1788686336644,20,1439994,174719,10000,118.471,816.000,697.529,38.820,337.234,199.117,21.100,32.879
285,P3_10000_1ch_A_r3,1788686340640,20,1439994,174719,10000,122.052,819.000,696.948,39.196,323.260,190.985,19.096,32.881
286,P3_10000_1ch_A_r3,1788686344360,20,1439994,174719,10000,202.373,892.000,689.627,36.732,333.378,172.224,30.810,31.862
287,P3_10000_1ch_A_r3,1788686348237,20,1439994,174719,10000,118.986,820.000,701.014,37.338,324.462,190.784,23.647,32.730
288,P3_10000_1ch_B_r1,1788686352238,20,1439994,174719,10000,118.533,853.000,734.467,36.027,326.315,236.000,29.550,31.174
289,P3_10000_1ch_B_r1,1788686356061,20,1439994,174719,10000,119.475,786.000,666.525,33.736,294.658,175.402,17.686,30.463
290,P3_10000_1ch_B_r1,1788686359836,20,1439994,174719,10000,119.413,758.000,638.587,33.341,291.704,167.091,16.769,30.245
291,P3_10000_1ch_B_r1,1788686363868,20,1439994,174719,10000,119.538,822.000,702.462,34.103,328.451,155.986,39.929,30.670
292,P3_10000_1ch_B_r1,1788686367661,20,1439994,174719,10000,118.886,823.000,704.114,34.554,300.626,203.492,19.559,30.440
293,P3_10000_1ch_B_r1,1788686371465,20,1439994,174719,10000,117.341,791.000,673.659,31.681,282.784,186.188,17.397,29.082
294,P3_10000_1ch_B_r2,1788686375524,20,1439994,174719,10000,218.608,792.000,573.392,34.715,309.032,164.820,20.135,31.070
295,P3_10000_1ch_B_r2,1788686379293,20,1439994,174719,10000,120.953,770.000,649.047,35.158,312.084,190.269,18.763,32.095
296,P3_10000_1ch_B_r2,1788686383046,20,1439994,174719,10000,130.377,770.000,639.623,39.491,336.945,152.722,28.266,33.246
297,P3_10000_1ch_B_r2,1788686387092,20,1439994,174719,10000,222.785,812.000,589.215,37.450,341.823,171.638,35.845,33.041
298,P3_10000_1ch_B_r2,1788686390883,20,1439994,174719,10000,219.091,818.000,598.909,35.642,314.213,165.944,21.052,31.215
299,P3_10000_1ch_B_r2,1788686394685,20,1439994,174719,10000,121.562,776.000,654.438,38.895,324.024,188.621,22.162,33.447
300,P3_10000_1ch_B_r3,1788686398745,20,1439994,174719,10000,118.553,844.000,725.447,52.775,305.219,210.142,23.787,31.240
301,P3_10000_1ch_B_r3,1788686402556,20,1439994,174719,10000,219.146,849.000,629.854,34.737,303.224,201.775,25.665,31.194
302,P3_10000_1ch_B_r3,1788686406384,20,1439994,174719,10000,118.208,812.000,693.792,34.102,322.549,180.724,31.636,30.993
303,P3_10000_1ch_B_r3,1788686410373,20,1439994,174719,10000,119.241,811.000,691.759,35.671,307.257,181.057,17.639,31.611
304,P3_10000_1ch_B_r3,1788686414164,20,1439994,174719,10000,119.166,839.000,719.834,33.999,293.048,212.252,17.864,29.975
305,P3_10000_1ch_B_r3,1788686417980,20,1439994,174719,10000,118.347,812.000,693.653,34.341,301.791,208.369,18.921,30.765
306,P3_50000_1ch_A_r1,1788686435669,98,7545510,861244,50000,3103.262,6605.000,3501.738,174.870,0.084,0.000,0.002,153.174
307,P3_50000_1ch_A_r1,1788686445572,98,7545510,861244,50000,3202.835,6612.000,3409.165,186.946,0.087,0.000,0.002,157.387
308,P3_50000_1ch_A_r1,1788686455372,98,7545510,861244,50000,3272.809,10902.000,7629.191,210.443,7318.452,0.000,114.297,165.470
309,P3_50000_1ch_A_r1,1788686469468,98,7545510,861244,50000,3202.910,6707.000,3504.090,167.933,0.074,0.000,0.006,150.781
310,P3_50000_1ch_A_r1,1788686479169,98,7545510,861244,50000,3102.825,6605.000,3502.175,169.915,0.076,0.000,0.002,151.238
311,P3_50000_1ch_A_r1,1788686488769,98,7545510,861244,50000,3074.603,10286.000,7211.397,178.434,6945.141,0.000,129.869,155.939
312,P3_50000_1ch_A_r2,1788686502339,98,7545510,861244,50000,3103.460,6611.000,3507.540,182.225,0.075,0.000,0.001,153.960
313,P3_50000_1ch_A_r2,1788686512139,98,7545510,861244,50000,3003.073,6505.000,3501.927,214.741,0.075,0.000,0.001,152.013
314,P3_50000_1ch_A_r2,1788686521440,98,7545510,861244,50000,3171.092,10417.000,7245.908,178.070,6975.326,0.000,143.200,157.046
315,P3_50000_1ch_A_r2,1788686534992,98,7545510,861244,50000,3004.951,6508.000,3503.049,161.684,0.066,0.000,0.001,145.547
316,P3_50000_1ch_A_r2,1788686544294,98,7545510,861244,50000,3104.419,6607.000,3502.581,205.883,0.071,0.000,0.001,147.244
317,P3_50000_1ch_A_r2,1788686553796,98,7545510,861244,50000,3175.040,10940.000,7764.960,187.212,7484.783,0.000,167.514,160.000
318,P3_50000_1ch_A_r3,1788686568165,98,7545510,861244,50000,3305.504,6808.000,3502.496,225.425,0.092,0.000,0.002,157.091
319,P3_50000_1ch_A_r3,1788686578268,98,7545510,861244,50000,3205.273,6712.000,3506.727,194.989,0.079,0.000,0.002,152.072
320,P3_50000_1ch_A_r3,1788686588068,98,7545510,861244,50000,3290.214,11757.000,8466.786,219.975,8169.289,0.000,424.023,160.625
321,P3_50000_1ch_A_r3,1788686602984,98,7545510,861244,50000,3103.430,6612.000,3508.570,200.605,0.069,0.000,0.002,150.399
322,P3_50000_1ch_A_r3,1788686612684,98,7545510,861244,50000,3004.249,6514.000,3509.751,171.233,0.083,0.000,0.002,152.566
323,P3_50000_1ch_A_r3,1788686622286,98,7545510,861244,50000,3174.791,10538.000,7363.209,181.752,7093.982,0.000,139.708,156.623
324,P3_50000_1ch_B_r1,1788686636018,98,7545510,861244,50000,3102.956,6605.000,3502.044,171.901,0.079,0.000,0.002,152.610
325,P3_50000_1ch_B_r1,1788686645718,98,7545510,861244,50000,3205.021,6708.000,3502.979,182.926,0.087,0.000,0.005,154.497
326,P3_50000_1ch_B_r1,1788686655620,98,7545510,861244,50000,3578.131,11031.000,7452.869,178.148,7188.420,0.000,141.413,157.855
327,P3_50000_1ch_B_r1,1788686669820,98,7545510,861244,50000,3202.912,6712.000,3509.088,173.512,0.073,0.000,0.001,149.683
328,P3_50000_1ch_B_r1,1788686679620,98,7545510,861244,50000,3203.049,6705.000,3501.951,217.453,0.075,0.000,0.002,152.255
329,P3_50000_1ch_B_r1,1788686689320,98,7545510,861244,50000,3273.468,10551.000,7277.532,175.042,7014.069,0.000,143.651,155.253
330,P3_50000_1ch_B_r2,1788686703234,98,7545510,861244,50000,3306.351,6807.000,3500.649,188.336,0.095,0.000,0.002,164.370
331,P3_50000_1ch_B_r2,1788686713238,98,7545510,861244,50000,3403.730,6907.000,3503.270,186.323,0.091,0.000,0.002,202.979
332,P3_50000_1ch_B_r2,1788686723439,98,7545510,861244,50000,3272.176,10852.000,7579.824,253.932,7233.304,0.000,113.871,157.803
333,P3_50000_1ch_B_r2,1788686737489,98,7545510,861244,50000,3303.428,6806.000,3502.572,210.886,0.093,0.000,0.002,158.165
334,P3_50000_1ch_B_r2,1788686747489,98,7545510,861244,50000,3202.993,6705.000,3502.007,170.729,0.086,0.000,0.002,152.666
335,P3_50000_1ch_B_r2,1788686757289,98,7545510,861244,50000,3275.633,11070.000,7794.367,218.270,7487.200,0.000,157.274,157.827
336,P3_50000_1ch_B_r3,1788686771572,98,7545510,861244,50000,3203.200,6615.000,3411.800,215.966,0.075,0.000,0.002,155.299
337,P3_50000_1ch_B_r3,1788686781372,98,7545510,861244,50000,3105.285,6605.000,3499.715,221.592,0.079,0.000,0.002,159.073
338,P3_50000_1ch_B_r3,1788686791072,98,7545510,861244,50000,3274.453,11081.000,7806.547,279.067,7435.173,0.000,138.324,159.649
339,P3_50000_1ch_B_r3,1788686805480,98,7545510,861244,50000,3202.923,6719.000,3516.077,175.657,0.075,0.000,0.002,151.170
340,P3_50000_1ch_B_r3,1788686815280,98,7545510,861244,50000,3103.206,6619.000,3515.794,183.264,0.082,0.000,0.002,158.990
342,P3_10000_4ch_A_r1,1788686846945,20,1235571,181730,10000,8.957,644.000,635.043,31.594,114.165,142.299,12.011,29.929
343,P3_10000_4ch_A_r1,1788686850750,20,1235571,181730,10000,8.416,729.000,720.584,34.209,114.319,113.801,9.335,31.194
344,P3_10000_4ch_A_r1,1788686854550,20,1235571,181730,10000,8.245,763.000,754.755,33.291,140.983,100.254,35.703,30.418
345,P3_10000_4ch_A_r1,1788686858552,20,1235571,181730,10000,9.027,731.000,721.973,34.639,109.894,106.149,7.612,30.568
346,P3_10000_4ch_A_r1,1788686862352,20,1235571,181730,10000,8.723,729.000,720.277,32.942,103.840,107.324,7.204,30.484
347,P3_10000_4ch_A_r1,1788686866152,20,1235571,181730,10000,40.148,729.000,688.852,65.863,128.302,118.862,8.606,31.901
348,P3_10000_4ch_A_r2,1788686870153,20,1235571,181730,10000,8.952,726.000,717.048,32.361,102.901,102.740,6.703,30.404
349,P3_10000_4ch_A_r2,1788686873952,20,1235571,181730,10000,8.240,736.000,727.760,36.174,110.583,122.126,10.137,30.962
350,P3_10000_4ch_A_r2,1788686877752,20,1235571,181730,10000,8.016,727.000,718.984,30.619,97.898,99.771,6.780,28.531
351,P3_10000_4ch_A_r2,1788686881752,20,1235571,181730,10000,8.430,728.000,719.570,33.347,102.465,120.767,6.924,30.210
352,P3_10000_4ch_A_r2,1788686885552,20,1235571,181730,10000,8.599,728.000,719.401,31.751,102.435,104.508,6.836,29.627
353,P3_10000_4ch_A_r2,1788686889352,20,1235571,181730,10000,9.080,734.000,724.920,32.370,106.474,123.476,8.708,29.633
354,P3_10000_4ch_A_r3,1788686893353,20,1235571,181730,10000,9.193,727.000,717.807,32.175,102.507,107.470,6.997,29.381
355,P3_10000_4ch_A_r3,1788686897152,20,1235571,181730,10000,8.680,729.000,720.320,32.849,106.865,122.627,7.990,30.936
356,P3_10000_4ch_A_r3,1788686900952,20,1235571,181730,10000,8.120,728.000,719.880,32.916,106.694,108.587,6.940,30.570
357,P3_10000_4ch_A_r3,1788686904952,20,1235571,181730,10000,8.154,728.000,719.846,32.227,104.989,111.708,7.812,30.214
358,P3_10000_4ch_A_r3,1788686908753,20,1235571,181730,10000,10.011,728.000,717.989,34.862,109.584,110.911,7.705,30.663
359,P3_10000_4ch_A_r3,1788686912553,20,1235571,181730,10000,8.981,727.000,718.019,32.939,105.060,108.281,7.417,30.764
360,P3_10000_4ch_B_r1,1788686916553,20,1235571,181730,10000,8.423,741.000,732.577,54.682,120.811,96.217,8.820,30.239
361,P3_10000_4ch_B_r1,1788686920365,20,1235571,181730,10000,10.663,718.000,707.337,31.978,103.415,112.164,7.081,30.061
362,P3_10000_4ch_B_r1,1788686924165,20,1235571,181730,10000,8.055,717.000,708.945,31.028,113.953,97.498,20.012,28.795
363,P3_10000_4ch_B_r1,1788686928165,20,1235571,181730,10000,9.250,717.000,707.750,32.257,103.144,114.705,6.683,30.012
364,P3_10000_4ch_B_r1,1788686931965,20,1235571,181730,10000,8.171,716.000,707.829,50.910,99.994,98.244,6.417,29.932
365,P3_10000_4ch_B_r1,1788686935765,20,1235571,181730,10000,8.332,719.000,710.668,31.802,102.886,110.736,7.249,30.255
366,P3_10000_4ch_B_r2,1788686939765,20,1235571,181730,10000,8.311,739.000,730.689,52.428,117.534,116.440,8.479,29.929
367,P3_10000_4ch_B_r2,1788686943571,20,1235571,181730,10000,8.761,728.000,719.239,32.312,103.873,105.156,7.911,30.187
368,P3_10000_4ch_B_r2,1788686947371,20,1235571,181730,10000,8.183,717.000,708.817,47.790,99.435,99.303,6.663,29.466
369,P3_10000_4ch_B_r2,1788686951371,20,1235571,181730,10000,8.425,727.000,718.575,31.844,100.836,105.536,6.693,29.080
370,P3_10000_4ch_B_r2,1788686955171,20,1235571,181730,10000,8.195,718.000,709.805,33.386,123.639,104.284,24.708,30.507
371,P3_10000_4ch_B_r2,1788686958971,20,1235571,181730,10000,8.235,718.000,709.765,32.293,101.900,107.959,6.836,29.778
372,P3_10000_4ch_B_r3,1788686962971,20,1235571,181730,10000,8.391,736.000,727.609,34.683,140.611,112.265,30.544,31.328
373,P3_10000_4ch_B_r3,1788686966783,20,1235571,181730,10000,8.963,726.000,717.037,32.339,103.271,114.847,6.599,29.924
374,P3_10000_4ch_B_r3,1788686970583,20,1235571,181730,10000,8.166,728.000,719.834,32.377,116.622,101.879,20.998,29.652
375,P3_10000_4ch_B_r3,1788686974583,20,1235571,181730,10000,8.406,727.000,718.594,32.002,102.632,114.239,6.911,29.720
376,P3_10000_4ch_B_r3,1788686978383,20,1235571,181730,10000,8.083,726.000,717.917,31.316,113.943,101.651,18.984,29.731
377,P3_10000_4ch_B_r3,1788686982183,20,1235571,181730,10000,8.648,731.000,722.352,31.511,104.442,113.185,8.925,29.283
378,delta_P3_10000_1ch_C_r1,1788686999571,20,1439994,174746,10000,119.520,834.000,714.480,37.243,369.119,199.615,38.928,31.725
379,delta_P3_10000_1ch_C_r1,1788687003384,20,1439994,174746,10000,118.392,851.000,732.608,38.913,343.123,212.193,26.396,33.065
380,delta_P3_10000_1ch_C_r1,1788687007210,20,1439994,174746,10000,218.731,825.000,606.269,34.055,296.496,206.244,17.296,30.511
381,P3_10000_1ch_C_r1,1788687011247,20,1439994,174746,10000,118.898,798.000,679.102,33.847,327.529,165.307,34.356,30.953
382,P3_10000_1ch_C_r1,1788687015013,20,1439994,174746,10000,219.500,841.000,621.500,36.239,334.719,170.286,35.913,32.897
383,P3_10000_1ch_C_r1,1788687018823,20,1439994,174746,10000,118.417,818.000,699.583,33.311,297.864,182.070,17.298,30.501
384,P3_10000_1ch_C_r1,1788687022810,20,1439994,174746,10000,119.212,832.000,712.788,38.400,370.405,151.283,42.331,33.085
385,P3_10000_1ch_C_r1,1788687026614,20,1439994,174746,10000,219.100,852.000,632.900,34.474,299.736,205.883,17.616,31.097
386,P3_10000_1ch_C_r1,1788687030436,20,1439994,174746,10000,118.004,826.000,707.996,33.910,319.308,210.434,33.053,30.363
387,delta_P3_10000_1ch_C_r2,1788687034448,20,1439994,174746,10000,118.108,766.000,647.892,33.940,295.529,201.012,16.641,30.543
388,delta_P3_10000_1ch_C_r2,1788687038295,20,1439994,174746,10000,120.185,779.000,658.815,40.743,387.693,156.961,44.771,33.367
389,delta_P3_10000_1ch_C_r2,1788687042149,20,1439994,174746,10000,219.662,840.000,620.338,34.116,315.925,181.308,30.084,30.834
390,P3_10000_1ch_C_r2,1788687046163,20,1439994,174746,10000,218.837,847.000,628.163,34.419,334.789,188.008,38.245,31.704
391,P3_10000_1ch_C_r2,1788687049994,20,1439994,174746,10000,119.029,793.000,673.971,32.890,316.886,170.868,39.071,30.756
392,P3_10000_1ch_C_r2,1788687053764,20,1439994,174746,10000,116.268,819.000,702.732,38.683,325.808,200.971,36.471,33.312
393,P3_10000_1ch_C_r2,1788687057776,20,1439994,174746,10000,214.793,835.000,620.207,34.217,299.399,186.690,21.423,29.364
394,P3_10000_1ch_C_r2,1788687061575,20,1439994,174746,10000,119.083,811.000,691.917,32.412,305.896,196.144,29.055,29.755
395,P3_10000_1ch_C_r2,1788687065355,20,1439994,174746,10000,220.182,797.000,576.818,34.663,322.812,152.142,30.793,30.764
396,delta_P3_10000_1ch_C_r3,1788687069321,20,1439994,174746,10000,118.940,802.000,683.060,33.281,295.236,157.160,17.221,44.720
397,delta_P3_10000_1ch_C_r3,1788687073092,20,1439994,174746,10000,118.954,765.000,646.046,33.840,295.753,179.111,17.177,30.775
398,delta_P3_10000_1ch_C_r3,1788687076925,20,1439994,174746,10000,118.841,814.000,695.159,35.276,318.795,159.251,30.140,31.918
399,P3_10000_1ch_C_r3,1788687080912,20,1439994,174746,10000,119.668,786.000,666.332,34.346,313.220,150.774,28.802,31.252
400,P3_10000_1ch_C_r3,1788687084770,20,1439994,174746,10000,218.486,803.000,584.514,51.795,303.059,163.532,17.161,32.251
401,P3_10000_1ch_C_r3,1788687088549,20,1439994,174746,10000,218.938,841.000,622.062,33.688,305.215,189.997,27.981,30.720
402,P3_10000_1ch_C_r3,1788687092563,20,1439994,174746,10000,119.510,842.000,722.490,32.921,308.028,191.113,32.781,29.694
403,P3_10000_1ch_C_r3,1788687096380,20,1439994,174746,10000,118.709,822.000,703.291,32.415,302.645,194.833,24.988,30.067
404,P3_10000_1ch_C_r3,1788687100176,20,1439994,174746,10000,121.262,784.000,662.738,33.500,311.875,163.554,30.835,30.699
405,delta_P3_10000_1ch_D_r1,1788687104137,20,1439994,174746,10000,119.183,789.000,669.817,36.592,335.713,184.337,37.070,31.579
406,delta_P3_10000_1ch_D_r1,1788687108001,20,1439994,174746,10000,224.382,834.000,609.618,45.282,381.737,163.011,32.375,34.370
407,delta_P3_10000_1ch_D_r1,1788687111818,20,1439994,174746,10000,219.825,843.000,623.175,35.654,311.958,203.577,18.199,32.054
408,P3_10000_1ch_D_r1,1788687115838,20,1439994,174746,10000,119.051,797.000,677.949,50.369,312.842,186.287,20.321,31.728
409,P3_10000_1ch_D_r1,1788687119621,20,1439994,174746,10000,128.673,813.000,684.327,33.588,301.305,205.576,25.366,30.135
410,P3_10000_1ch_D_r1,1788687123421,20,1439994,174746,10000,118.764,782.000,663.236,32.853,291.583,172.948,17.813,30.137
411,P3_10000_1ch_D_r1,1788687127392,20,1439994,174746,10000,118.896,832.000,713.104,34.737,301.282,217.273,17.089,31.241
412,P3_10000_1ch_D_r1,1788687131195,20,1439994,174746,10000,118.906,777.000,658.094,33.232,310.145,163.776,28.888,30.168
413,P3_10000_1ch_D_r1,1788687135040,20,1439994,174746,10000,118.889,795.000,676.111,35.234,319.556,173.187,30.168,31.243
414,delta_P3_10000_1ch_D_r2,1788687139007,20,1439994,174746,10000,219.256,853.000,633.744,34.123,310.993,191.813,29.157,30.629
415,delta_P3_10000_1ch_D_r2,1788687142832,20,1439994,174746,10000,117.792,814.000,696.208,33.649,307.991,191.972,28.470,30.668
416,delta_P3_10000_1ch_D_r2,1788687146616,20,1439994,174746,10000,119.229,791.000,671.771,34.687,303.450,165.979,17.632,31.151
417,P3_10000_1ch_D_r2,1788687150578,20,1439994,174746,10000,218.954,822.000,603.046,35.756,323.241,145.863,32.959,31.150
418,P3_10000_1ch_D_r2,1788687154377,20,1439994,174746,10000,118.872,793.000,674.128,33.937,306.978,163.454,27.233,30.932
419,P3_10000_1ch_D_r2,1788687158148,20,1439994,174746,10000,118.822,824.000,705.178,36.247,316.220,212.112,25.921,31.500
420,P3_10000_1ch_D_r2,1788687162147,20,1439994,174746,10000,118.958,771.000,652.042,34.305,315.462,175.577,29.919,31.432
421,P3_10000_1ch_D_r2,1788687165994,20,1439994,174746,10000,117.986,801.000,683.014,35.768,327.770,193.083,26.177,31.966
422,P3_10000_1ch_D_r2,1788687169776,20,1439994,174746,10000,118.111,823.000,704.889,35.807,313.491,199.647,28.508,31.484
423,delta_P3_10000_1ch_D_r3,1788687173774,20,1439994,174746,10000,131.849,829.000,697.151,35.729,316.532,227.464,28.498,30.839
424,delta_P3_10000_1ch_D_r3,1788687177592,20,1439994,174746,10000,118.170,773.000,654.830,33.521,300.042,182.124,17.183,30.901
425,delta_P3_10000_1ch_D_r3,1788687181352,20,1439994,174746,10000,219.234,836.000,616.766,33.442,310.370,175.379,30.736,29.944
426,P3_10000_1ch_D_r3,1788687185358,20,1439994,174746,10000,223.181,862.000,638.819,37.042,315.514,212.243,19.645,32.490
427,P3_10000_1ch_D_r3,1788687189188,20,1439994,174746,10000,119.214,830.000,710.786,51.215,302.369,202.694,18.058,31.645
428,P3_10000_1ch_D_r3,1788687192989,20,1439994,174746,10000,118.841,793.000,674.159,34.666,315.105,166.931,25.249,31.395
429,P3_10000_1ch_D_r3,1788687196956,20,1439994,174746,10000,213.376,852.000,638.624,34.208,318.200,204.555,27.795,31.318
430,P3_10000_1ch_D_r3,1788687200784,20,1439994,174746,10000,121.450,820.000,698.550,34.994,312.188,192.265,28.279,31.166
431,P3_10000_1ch_D_r3,1788687204576,20,1439994,174746,10000,117.962,845.000,727.038,34.482,310.177,217.406,20.271,31.202
432,P3_1000_1ch_A_r1,1788687307493,2,122891,18651,1000,6.280,11.000,4.720,3.452,3.392,2.062,1.778,2.879
433,P3_1000_1ch_A_r2,1788687315693,2,122891,18651,1000,6.672,11.000,4.328,3.540,3.704,1.986,2.101,3.014
434,P3_1000_1ch_A_r3,1788687323893,2,122891,18651,1000,6.717,11.000,4.283,3.701,3.591,2.050,1.946,3.107
435,P3_1000_1ch_B_r1,1788687332193,2,122891,18651,1000,6.579,11.000,4.421,3.702,3.587,2.068,1.898,3.162
436,P3_1000_1ch_B_r2,1788687340396,2,122891,18651,1000,6.479,11.000,4.521,3.600,3.462,2.106,1.846,3.167
437,P3_1000_1ch_B_r3,1788687348596,2,122891,18651,1000,6.717,12.000,5.283,4.135,3.594,1.941,1.950,3.151
438,P3_10000_1ch_A_r1,1788687362796,20,1439994,174710,10000,119.202,838.000,718.798,38.471,362.302,175.872,44.727,33.045
439,P3_10000_1ch_A_r2,1788687371023,20,1439994,174710,10000,120.571,838.000,717.429,36.587,339.715,179.511,32.595,31.963
440,P3_10000_1ch_A_r3,1788687379252,20,1439994,174710,10000,220.353,856.000,635.647,34.003,320.624,178.599,32.109,30.852
441,P3_10000_1ch_B_r1,1788687387491,20,1439994,174710,10000,117.594,830.000,712.406,36.529,312.353,182.141,18.033,31.831
442,P3_10000_1ch_B_r2,1788687395718,20,1439994,174710,10000,218.696,820.000,601.304,56.049,308.184,153.147,18.253,31.137
443,P3_10000_1ch_B_r3,1788687403926,20,1439994,174710,10000,119.587,846.000,726.413,33.577,313.544,197.034,29.786,30.032
444,P3_50000_1ch_A_r1,1788687425958,98,7545510,861564,50000,3275.211,13641.000,10365.789,288.752,9972.718,0.000,444.008,171.345
445,P3_50000_1ch_A_r2,1788687446868,98,7545510,861564,50000,3282.881,10401.000,7118.119,173.236,6866.796,0.000,114.525,154.398
446,P3_50000_1ch_A_r3,1788687464560,98,7545510,861564,50000,3271.275,10377.000,7105.725,176.381,6836.012,0.000,128.167,156.704
447,P3_50000_1ch_B_r1,1788687482224,98,7545510,861564,50000,3307.699,10295.000,6987.301,201.242,6732.197,0.000,107.756,155.059
448,P3_50000_1ch_B_r2,1788687499792,98,7545510,861564,50000,3071.187,10168.000,7096.813,214.869,6788.312,0.000,109.308,157.336
449,P3_50000_1ch_B_r3,1788687517367,98,7545510,861564,50000,3071.668,10039.000,6967.332,172.774,6706.434,0.000,118.713,153.293
450,P3_10000_4ch_A_r1,1788687548645,20,1235571,181730,10000,9.816,637.000,627.184,32.401,102.757,90.606,6.995,29.476
451,P3_10000_4ch_A_r2,1788687556845,20,1235571,181730,10000,8.354,648.000,639.646,34.459,126.163,115.469,10.026,31.936
452,P3_10000_4ch_A_r3,1788687565049,20,1235571,181730,10000,8.675,637.000,628.325,32.601,106.001,95.682,6.950,30.588
453,P3_10000_4ch_B_r1,1788687573349,20,1235571,181730,10000,10.433,638.000,627.567,34.209,105.631,97.441,6.951,30.629
454,P3_10000_4ch_B_r2,1788687581550,20,1235571,181730,10000,8.712,727.000,718.288,30.873,99.075,97.990,7.010,28.336
455,P3_10000_4ch_B_r3,1788687589750,20,1235571,181730,10000,8.004,734.000,725.996,36.407,107.654,105.626,8.147,31.146
456,delta_P3_10000_1ch_C_r1,1788687611216,20,1439994,174745,10000,218.515,880.000,661.485,35.121,332.226,208.809,37.330,30.501
457,P3_10000_1ch_C_r1,1788687624374,20,1432775,174242,9967,118.454,793.000,674.546,33.984,292.434,175.122,16.736,30.186
458,delta_P3_10000_1ch_C_r2,1788687632551,20,1432775,174242,9967,217.838,822.000,604.162,33.246,303.862,183.409,28.390,29.942
459,P3_10000_1ch_C_r2,1788687645756,20,1425860,173752,9934,218.023,863.000,644.977,53.896,338.722,177.453,32.319,32.664
460,delta_P3_10000_1ch_C_r3,1788687654005,20,1425860,173752,9934,217.795,822.000,604.205,33.239,287.125,189.578,16.655,29.709
461,P3_10000_1ch_C_r3,1788687667223,20,1421504,173606,9903,119.194,779.000,659.806,34.229,298.981,159.511,23.076,29.965
462,delta_P3_10000_1ch_D_r1,1788687675388,20,1421504,173606,9903,119.552,756.000,636.448,34.878,314.335,156.233,26.873,31.513
463,P3_10000_1ch_D_r1,1788687688616,19,1372081,167221,9595,117.353,762.000,644.647,31.985,271.738,153.051,16.553,28.669
464,delta_P3_10000_1ch_D_r2,1788687696857,19,1372081,167221,9595,117.495,807.000,689.505,32.451,286.172,185.510,25.028,29.431
465,P3_10000_1ch_D_r2,1788687710075,19,1321534,161792,9300,122.680,764.000,641.320,32.708,266.050,161.607,22.434,28.821
466,delta_P3_10000_1ch_D_r3,1788687718296,19,1321534,161792,9300,116.572,695.000,578.428,31.089,253.992,162.173,15.506,28.226
467,P3_10000_1ch_D_r3,1788687731484,18,1263210,154828,9008,126.747,705.000,578.253,40.396,236.659,158.253,16.573,26.203
