openId,tag,wallMs,player,channels,totalPackets,totalRawBytes,totalCompressedBytes,ingredientPackets,ingredientRawBytes,ingredientCompressedBytes,craftingPackets,craftingRawBytes,craftingCompressedBytes,ingredientInstances,craftingRecipes,mainThreadMs,totalMs,measureOverheadMs,unwritableTransitions,minBytesBeforeUnwritable,maxOutboundBuffered
17,P0_1000_1ch_A_r1,1788683648553,ClientDevBridge,1,4,122995,18725,4,122995,18725,0,0,0,1000,0,4.617,7.590,5.522,0,55324,10213
18,P0_1000_1ch_A_r2,1788683655205,ClientDevBridge,1,4,122995,18725,4,122995,18725,0,0,0,1000,0,5.906,7.517,4.055,0,55324,10213
19,P0_1000_1ch_A_r3,1788683661853,ClientDevBridge,1,4,122995,18725,4,122995,18725,0,0,0,1000,0,4.327,9.149,6.811,0,55122,10415
20,P0_1000_1ch_B_r1,1788683668604,ClientDevBridge,1,4,122995,18725,4,122995,18725,0,0,0,1000,0,9.525,9.525,10.791,0,65537,0
21,P0_1000_1ch_B_r2,1788683675305,ClientDevBridge,1,4,122995,18725,4,122995,18725,0,0,0,1000,0,4.349,9.341,3.861,0,65537,0
22,P0_1000_1ch_B_r3,1788683682007,ClientDevBridge,1,4,122995,18725,4,122995,18725,0,0,0,1000,0,4.575,7.755,3.608,0,65537,0
23,delta_P0_1000_1ch_C_r1,1788683688657,ClientDevBridge,1,4,122995,18725,4,122995,18725,0,0,0,1000,0,7.494,7.494,8.125,0,65429,108
24,P0_1000_1ch_C_r1,1788683701304,ClientDevBridge,1,4,121732,18586,4,121732,18586,0,0,0,997,0,9.132,15.159,8.489,0,65537,0
25,delta_P0_1000_1ch_C_r2,1788683708053,ClientDevBridge,1,4,121732,18586,4,121732,18586,0,0,0,997,0,4.622,8.402,5.372,0,65537,0
26,P0_1000_1ch_C_r2,1788683720704,ClientDevBridge,1,4,121150,18534,4,121150,18534,0,0,0,994,0,4.488,6.114,3.937,0,65537,0
27,delta_P0_1000_1ch_C_r3,1788683727405,ClientDevBridge,1,4,121150,18534,4,121150,18534,0,0,0,994,0,7.565,7.565,3.365,0,65537,0
28,P0_1000_1ch_C_r3,1788683740053,ClientDevBridge,1,4,120519,18443,4,120519,18443,0,0,0,991,0,4.205,9.528,3.956,0,65537,0
29,delta_P0_1000_1ch_D_r1,1788683746754,ClientDevBridge,1,4,120519,18443,4,120519,18443,0,0,0,991,0,4.337,5.995,3.653,0,65537,0
30,P0_1000_1ch_D_r1,1788683759404,ClientDevBridge,1,4,116748,17953,4,116748,17953,0,0,0,960,0,4.335,9.366,4.023,0,65537,0
31,delta_P0_1000_1ch_D_r2,1788683766103,ClientDevBridge,1,4,116748,17953,4,116748,17953,0,0,0,960,0,7.556,7.556,6.508,0,65537,0
32,P0_1000_1ch_D_r2,1788683778805,ClientDevBridge,1,4,110409,17111,4,110409,17111,0,0,0,932,0,3.995,5.563,3.494,0,65537,0
33,delta_P0_1000_1ch_D_r3,1788683785453,ClientDevBridge,1,4,110409,17111,4,110409,17111,0,0,0,932,0,4.218,7.179,3.824,0,55273,10264
34,P0_1000_1ch_D_r3,1788683798153,ClientDevBridge,1,4,106977,16687,4,106977,16687,0,0,0,903,0,4.121,5.691,3.268,0,65537,0
35,P0_1000_4ch_A_r1,1788683810804,ClientDevBridge,4,8,123282,20790,8,123282,20790,0,0,0,1000,0,13.005,13.005,4.135,0,65537,0
36,P0_1000_4ch_A_r2,1788683817457,ClientDevBridge,4,8,123282,20790,8,123282,20790,0,0,0,1000,0,6.157,6.157,3.716,0,65537,0
37,P0_1000_4ch_A_r3,1788683824103,ClientDevBridge,4,8,123282,20790,8,123282,20790,0,0,0,1000,0,7.780,7.780,3.902,0,65537,0
38,P0_1000_4ch_B_r1,1788683830754,ClientDevBridge,4,8,123282,20790,8,123282,20790,0,0,0,1000,0,6.489,6.489,3.896,0,65537,0
39,P0_1000_4ch_B_r2,1788683837456,ClientDevBridge,4,8,123282,20790,8,123282,20790,0,0,0,1000,0,8.481,8.481,4.087,0,65537,0
40,P0_1000_4ch_B_r3,1788683844053,ClientDevBridge,4,8,123282,20790,8,123282,20790,0,0,0,1000,0,5.597,5.597,3.669,0,65537,0
41,P0_1000_4ch_E_r1,1788683850808,ClientDevBridge,4,8,123282,20790,8,123282,20790,0,0,0,1000,0,8.842,8.842,4.139,0,60246,5291
42,P0_1000_4ch_E_r2,1788683857756,ClientDevBridge,4,12,123570,21008,12,123570,21008,0,0,0,1000,0,7.256,7.256,4.063,0,65537,0
43,P0_1000_4ch_E_r3,1788683864604,ClientDevBridge,4,12,123570,21008,12,123570,21008,0,0,0,1000,0,8.325,8.325,4.047,0,65537,0
44,delta_P0_1000_4ch_C_r1,1788683871454,ClientDevBridge,4,12,123570,21008,12,123570,21008,0,0,0,1000,0,6.268,6.268,4.157,0,65537,0
45,P0_1000_4ch_C_r1,1788683884103,ClientDevBridge,4,12,123323,20962,12,123323,20962,0,0,0,996,0,5.853,5.853,3.806,0,60263,5274
46,delta_P0_1000_4ch_C_r2,1788683890803,ClientDevBridge,4,12,123323,20962,12,123323,20962,0,0,0,996,0,12.425,12.425,4.099,0,65537,0
47,P0_1000_4ch_C_r2,1788683903503,ClientDevBridge,4,12,123075,20916,12,123075,20916,0,0,0,992,0,8.524,8.524,7.018,0,60267,5270
48,delta_P0_1000_4ch_C_r3,1788683910104,ClientDevBridge,4,12,123075,20916,12,123075,20916,0,0,0,992,0,5.941,5.941,6.343,0,60275,5262
49,P0_1000_4ch_C_r3,1788683922753,ClientDevBridge,4,12,122833,20881,12,122833,20881,0,0,0,988,0,4.879,4.879,3.970,0,65537,0
50,delta_P0_1000_4ch_D_r1,1788683929455,ClientDevBridge,4,12,122833,20881,12,122833,20881,0,0,0,988,0,5.027,5.027,4.021,0,65537,0
51,P0_1000_4ch_D_r1,1788683942103,ClientDevBridge,4,12,118719,20399,12,118719,20399,0,0,0,956,0,5.039,5.039,3.778,0,65537,0
52,delta_P0_1000_4ch_D_r2,1788683948755,ClientDevBridge,4,12,118719,20399,12,118719,20399,0,0,0,956,0,6.640,6.640,3.688,0,60369,5168
53,P0_1000_4ch_D_r2,1788683961404,ClientDevBridge,4,12,115968,20065,12,115968,20065,0,0,0,928,0,5.947,5.947,4.364,0,65352,185
54,delta_P0_1000_4ch_D_r3,1788683968153,ClientDevBridge,4,12,115968,20065,12,115968,20065,0,0,0,928,0,4.946,4.946,3.738,0,60443,5094
55,P0_1000_4ch_D_r3,1788683980853,ClientDevBridge,4,12,111543,19602,12,111543,19602,0,0,0,900,0,4.797,4.797,3.690,0,60557,4980
56,P0_10000_1ch_A_r1,1788683993653,ClientDevBridge,1,40,1441034,175520,40,1441034,175520,0,0,0,10000,0,331.803,331.803,60.880,0,55849,9688
57,P0_10000_1ch_A_r2,1788684001053,ClientDevBridge,1,40,1441034,175520,40,1441034,175520,0,0,0,10000,0,285.988,285.988,47.195,0,55728,9809
58,P0_10000_1ch_A_r3,1788684008603,ClientDevBridge,1,40,1441034,175520,40,1441034,175520,0,0,0,10000,0,289.359,289.359,37.030,0,56880,8657
59,P0_10000_1ch_B_r1,1788684015953,ClientDevBridge,1,40,1441034,175520,40,1441034,175520,0,0,0,10000,0,279.394,279.394,36.850,0,55728,9809
60,P0_10000_1ch_B_r2,1788684023603,ClientDevBridge,1,40,1441034,175520,40,1441034,175520,0,0,0,10000,0,277.063,277.063,63.561,0,55849,9688
61,P0_10000_1ch_B_r3,1788684031004,ClientDevBridge,1,40,1441034,175520,40,1441034,175520,0,0,0,10000,0,293.717,293.717,50.866,0,55849,9688
62,delta_P0_10000_1ch_C_r1,1788684038403,ClientDevBridge,1,40,1441034,175520,40,1441034,175520,0,0,0,10000,0,264.689,264.689,41.231,0,56548,8989
63,P0_10000_1ch_C_r1,1788684050853,ClientDevBridge,1,40,1435972,175173,40,1435972,175173,0,0,0,9967,0,274.839,274.839,50.526,0,56836,8701
64,delta_P0_10000_1ch_C_r2,1788684058356,ClientDevBridge,1,40,1435972,175173,40,1435972,175173,0,0,0,9967,0,276.874,276.874,36.926,0,56000,9537
65,P0_10000_1ch_C_r2,1788684070654,ClientDevBridge,1,40,1431402,175054,40,1431402,175054,0,0,0,9934,0,408.419,408.419,43.755,0,56570,8967
66,delta_P0_10000_1ch_C_r3,1788684078153,ClientDevBridge,1,40,1431402,175054,40,1431402,175054,0,0,0,9934,0,273.619,273.619,38.073,0,55775,9762
67,P0_10000_1ch_C_r3,1788684090653,ClientDevBridge,1,40,1425445,174663,40,1425445,174663,0,0,0,9901,0,248.524,248.524,35.802,0,65537,0
68,delta_P0_10000_1ch_D_r1,1788684098153,ClientDevBridge,1,40,1425445,174663,40,1425445,174663,0,0,0,9901,0,246.359,246.359,37.092,0,55877,9660
69,P0_10000_1ch_D_r1,1788684110754,ClientDevBridge,1,38,1374070,168472,38,1374070,168472,0,0,0,9583,0,233.301,233.301,37.984,0,55984,9553
70,delta_P0_10000_1ch_D_r2,1788684118204,ClientDevBridge,1,38,1374070,168472,38,1374070,168472,0,0,0,9583,0,254.836,254.836,41.020,0,55940,9597
71,P0_10000_1ch_D_r2,1788684130503,ClientDevBridge,1,38,1322796,162721,38,1322796,162721,0,0,0,9280,0,225.704,225.704,34.945,0,55986,9551
72,delta_P0_10000_1ch_D_r3,1788684137903,ClientDevBridge,1,38,1322796,162721,38,1322796,162721,0,0,0,9280,0,248.568,248.568,35.190,0,65537,0
73,P0_10000_1ch_D_r3,1788684150253,ClientDevBridge,1,36,1284263,158025,36,1284263,158025,0,0,0,8998,0,223.856,223.856,36.539,0,56469,9068
74,P0_10000_4ch_A_r1,1788684163653,ClientDevBridge,4,40,1236611,182505,40,1236611,182505,0,0,0,10000,0,82.754,82.754,35.851,0,55770,9767
75,P0_10000_4ch_A_r2,1788684170604,ClientDevBridge,4,40,1236611,182505,40,1236611,182505,0,0,0,10000,0,90.446,90.446,35.790,0,55770,9767
76,P0_10000_4ch_A_r3,1788684177504,ClientDevBridge,4,40,1236611,182505,40,1236611,182505,0,0,0,10000,0,68.771,68.771,34.426,0,56126,9411
77,P0_10000_4ch_B_r1,1788684184453,ClientDevBridge,4,40,1236611,182505,40,1236611,182505,0,0,0,10000,0,124.506,124.506,40.107,0,55664,9873
78,P0_10000_4ch_B_r2,1788684191404,ClientDevBridge,4,40,1236611,182505,40,1236611,182505,0,0,0,10000,0,83.515,83.515,35.995,0,55770,9767
79,P0_10000_4ch_B_r3,1788684198353,ClientDevBridge,4,40,1236611,182505,40,1236611,182505,0,0,0,10000,0,98.579,98.579,55.896,0,56126,9411
80,P0_10000_4ch_E_r1,1788684205303,ClientDevBridge,4,40,1236611,182505,40,1236611,182505,0,0,0,10000,0,70.837,70.837,37.534,0,56141,9396
81,P0_10000_4ch_E_r2,1788684212453,ClientDevBridge,4,44,1236899,182723,44,1236899,182723,0,0,0,10000,0,88.672,88.672,36.350,0,55770,9767
82,P0_10000_4ch_E_r3,1788684219553,ClientDevBridge,4,44,1236899,182723,44,1236899,182723,0,0,0,10000,0,67.149,67.149,34.280,0,65537,0
83,delta_P0_10000_4ch_C_r1,1788684226703,ClientDevBridge,4,44,1236899,182723,44,1236899,182723,0,0,0,10000,0,90.288,90.288,36.108,0,55770,9767
84,P0_10000_4ch_C_r1,1788684239653,ClientDevBridge,4,44,1233367,182628,44,1233367,182628,0,0,0,9968,0,72.428,72.428,37.278,0,55751,9786
85,delta_P0_10000_4ch_C_r2,1788684246554,ClientDevBridge,4,44,1233367,182628,44,1233367,182628,0,0,0,9968,0,73.131,73.131,35.286,0,65537,0
86,P0_10000_4ch_C_r2,1788684259504,ClientDevBridge,4,44,1226765,182036,44,1226765,182036,0,0,0,9936,0,82.608,82.608,35.313,0,55718,9819
87,delta_P0_10000_4ch_C_r3,1788684266453,ClientDevBridge,4,44,1226765,182036,44,1226765,182036,0,0,0,9936,0,69.843,69.843,35.959,0,55718,9819
88,P0_10000_4ch_C_r3,1788684279353,ClientDevBridge,4,44,1219723,181325,44,1219723,181325,0,0,0,9904,0,79.634,79.634,37.710,0,55679,9858
89,delta_P0_10000_4ch_D_r1,1788684286403,ClientDevBridge,4,44,1219723,181325,44,1219723,181325,0,0,0,9904,0,71.708,71.708,36.370,0,55679,9858
90,P0_10000_4ch_D_r1,1788684299353,ClientDevBridge,4,44,1175800,175587,44,1175800,175587,0,0,0,9589,0,67.444,67.444,33.451,0,55744,9793
91,delta_P0_10000_4ch_D_r2,1788684306256,ClientDevBridge,4,44,1175800,175587,44,1175800,175587,0,0,0,9589,0,90.629,90.629,48.853,0,65537,0
92,P0_10000_4ch_D_r2,1788684319203,ClientDevBridge,4,44,1130222,169758,44,1130222,169758,0,0,0,9298,0,70.102,70.102,32.267,0,56186,9351
93,delta_P0_10000_4ch_D_r3,1788684326103,ClientDevBridge,4,44,1130222,169758,44,1130222,169758,0,0,0,9298,0,65.694,65.694,43.080,0,56504,9033
94,P0_10000_4ch_D_r3,1788684339105,ClientDevBridge,4,44,1096305,165039,44,1096305,165039,0,0,0,9022,0,60.582,60.582,30.282,0,65537,0
95,P0_50000_1ch_A_r1,1788684360153,ClientDevBridge,1,196,7550606,865207,196,7550606,865207,0,0,0,50000,0,5695.880,5695.880,215.687,0,55800,9737
96,P0_50000_1ch_A_r2,1788684380903,ClientDevBridge,1,196,7550606,865207,196,7550606,865207,0,0,0,50000,0,5474.608,5474.608,191.644,0,55760,9777
97,P0_50000_1ch_A_r3,1788684398004,ClientDevBridge,1,196,7550606,865207,196,7550606,865207,0,0,0,50000,0,5597.144,5597.144,183.725,0,55694,9843
98,P0_50000_1ch_B_r1,1788684415353,ClientDevBridge,1,196,7550606,865207,196,7550606,865207,0,0,0,50000,0,5727.248,5727.248,202.519,0,55694,9843
99,P0_50000_1ch_B_r2,1788684432404,ClientDevBridge,1,196,7550606,865207,196,7550606,865207,0,0,0,50000,0,5589.440,5589.440,212.008,0,55888,9649
100,P0_50000_1ch_B_r3,1788684449753,ClientDevBridge,1,196,7550606,865207,196,7550606,865207,0,0,0,50000,0,5459.064,5459.064,195.542,0,55759,9778
101,delta_P0_50000_1ch_C_r1,1788684466853,ClientDevBridge,1,196,7550606,865207,196,7550606,865207,0,0,0,50000,0,5838.120,5838.120,185.475,0,55759,9778
102,P0_50000_1ch_C_r1,1788684491204,ClientDevBridge,1,196,7520724,862159,196,7520724,862159,0,0,0,49833,0,5383.016,5383.016,192.757,0,55678,9859
103,delta_P0_50000_1ch_C_r2,1788684508203,ClientDevBridge,1,196,7520724,862159,196,7520724,862159,0,0,0,49833,0,5383.889,5383.889,182.471,0,55874,9663
104,P0_50000_1ch_C_r2,1788684531403,ClientDevBridge,1,196,7488079,859870,196,7488079,859870,0,0,0,49670,0,5410.092,5410.092,184.368,0,55493,10044
105,delta_P0_50000_1ch_C_r3,1788684548403,ClientDevBridge,1,196,7488079,859870,196,7488079,859870,0,0,0,49670,0,5658.614,5658.614,207.642,0,56126,9411
106,P0_50000_1ch_C_r3,1788684571804,ClientDevBridge,1,194,7456687,857092,194,7456687,857092,0,0,0,49505,0,5573.181,5573.181,214.024,0,55722,9815
107,delta_P0_50000_1ch_D_r1,1788684588853,ClientDevBridge,1,194,7456687,857092,194,7456687,857092,0,0,0,49505,0,5516.568,5516.568,225.907,0,55629,9908
108,P0_50000_1ch_D_r1,1788684613903,ClientDevBridge,1,188,7164613,824351,188,7164613,824351,0,0,0,47923,0,5111.119,5111.119,194.952,0,55837,9700
109,delta_P0_50000_1ch_D_r2,1788684630304,ClientDevBridge,1,188,7164613,824351,188,7164613,824351,0,0,0,47923,0,5041.221,5041.221,178.574,0,55721,9816
110,P0_50000_1ch_D_r2,1788684653203,ClientDevBridge,1,182,6891990,793924,182,6891990,793924,0,0,0,46460,0,4631.007,4631.007,169.525,0,56117,9420
111,delta_P0_50000_1ch_D_r3,1788684669103,ClientDevBridge,1,182,6891990,793924,182,6891990,793924,0,0,0,46460,0,4598.190,4598.190,156.621,0,55948,9589
112,P0_50000_1ch_D_r3,1788684690754,ClientDevBridge,1,178,6632642,764572,178,6632642,764572,0,0,0,45100,0,4379.511,4379.511,161.834,0,55774,9763
113,P0_50000_4ch_A_r1,1788684714403,ClientDevBridge,4,200,7286284,876348,200,7286284,876348,0,0,0,50000,0,1671.104,1671.104,178.837,0,55667,9870
114,P0_50000_4ch_A_r2,1788684725803,ClientDevBridge,4,200,7286284,876348,200,7286284,876348,0,0,0,50000,0,1666.513,1666.513,183.801,0,55667,9870
115,P0_50000_4ch_A_r3,1788684737203,ClientDevBridge,4,200,7286284,876348,200,7286284,876348,0,0,0,50000,0,1589.846,1589.846,200.270,0,55701,9836
116,P0_50000_4ch_B_r1,1788684748653,ClientDevBridge,4,200,7286284,876348,200,7286284,876348,0,0,0,50000,0,1573.732,1573.732,188.262,0,54922,10615
117,P0_50000_4ch_B_r2,1788684760053,ClientDevBridge,4,200,7286284,876348,200,7286284,876348,0,0,0,50000,0,1658.965,1658.965,195.434,0,54922,10615
118,P0_50000_4ch_B_r3,1788684771453,ClientDevBridge,4,200,7286284,876348,200,7286284,876348,0,0,0,50000,0,1668.982,1668.982,251.963,0,55513,10024
119,P0_50000_4ch_E_r1,1788684783053,ClientDevBridge,4,200,7286284,876348,200,7286284,876348,0,0,0,50000,0,1528.647,1528.647,206.692,0,54922,10615
120,P0_50000_4ch_E_r2,1788684794553,ClientDevBridge,4,204,7286572,876566,204,7286572,876566,0,0,0,50000,0,1586.001,1586.001,178.678,0,55667,9870
121,P0_50000_4ch_E_r3,1788684805953,ClientDevBridge,4,204,7286572,876566,204,7286572,876566,0,0,0,50000,0,1619.955,1619.955,194.721,0,55894,9643
122,delta_P0_50000_4ch_C_r1,1788684817603,ClientDevBridge,4,204,7286572,876566,204,7286572,876566,0,0,0,50000,0,1597.725,1597.725,190.857,0,56058,9479
123,P0_50000_4ch_C_r1,1788684833853,ClientDevBridge,4,204,7258434,874496,204,7258434,874496,0,0,0,49832,0,1593.993,1593.993,198.974,0,55861,9676
124,delta_P0_50000_4ch_C_r2,1788684845403,ClientDevBridge,4,204,7258434,874496,204,7258434,874496,0,0,0,49832,0,1611.158,1611.158,187.705,0,55697,9840
125,P0_50000_4ch_C_r2,1788684861853,ClientDevBridge,4,204,7226378,871680,204,7226378,871680,0,0,0,49668,0,1619.186,1619.186,209.358,0,55807,9730
126,delta_P0_50000_4ch_C_r3,1788684873403,ClientDevBridge,4,204,7226378,871680,204,7226378,871680,0,0,0,49668,0,1564.003,1564.003,204.643,0,55396,10141
127,P0_50000_4ch_C_r3,1788684889853,ClientDevBridge,4,204,7196936,869183,204,7196936,869183,0,0,0,49501,0,1661.310,1661.310,234.290,0,55813,9724
128,delta_P0_50000_4ch_D_r1,1788684901356,ClientDevBridge,4,204,7196936,869183,204,7196936,869183,0,0,0,49501,0,1597.754,1597.754,192.779,0,55340,10197
129,P0_50000_4ch_D_r1,1788684917053,ClientDevBridge,4,196,6910662,836610,196,6910662,836610,0,0,0,47922,0,1475.956,1475.956,179.056,0,55991,9546
130,delta_P0_50000_4ch_D_r2,1788684928103,ClientDevBridge,4,196,6910662,836610,196,6910662,836610,0,0,0,47922,0,1416.247,1416.247,179.276,0,55487,10050
131,P0_50000_4ch_D_r2,1788684943503,ClientDevBridge,4,188,6667702,808284,188,6667702,808284,0,0,0,46450,0,1430.322,1430.322,176.487,0,55638,9899
132,delta_P0_50000_4ch_D_r3,1788684954503,ClientDevBridge,4,188,6667702,808284,188,6667702,808284,0,0,0,46450,0,1444.667,1444.667,223.759,0,55546,9991
133,P0_50000_4ch_D_r3,1788684970054,ClientDevBridge,4,186,6406710,777848,186,6406710,777848,0,0,0,45058,0,1378.432,1378.432,189.096,0,55940,9597
134,P0_10000_1chcraft_A_r1,1788685040653,ClientDevBridge,1,47,1482543,179168,44,1441322,175676,3,41221,3492,10000,296,318.895,318.895,36.960,0,55863,9674
135,P0_10000_1chcraft_A_r2,1788685048153,ClientDevBridge,1,47,1482543,179168,44,1441322,175676,3,41221,3492,10000,296,276.440,276.440,42.495,0,56550,8987
136,P0_10000_1chcraft_A_r3,1788685055553,ClientDevBridge,1,47,1482543,179168,44,1441322,175676,3,41221,3492,10000,296,276.850,276.850,35.987,0,64037,1500
137,P0_10000_1chcraft_B_r1,1788685062903,ClientDevBridge,1,47,1482543,179168,44,1441322,175676,3,41221,3492,10000,296,255.423,255.423,46.288,0,64037,1500
138,P0_10000_1chcraft_B_r2,1788685070403,ClientDevBridge,1,47,1482543,179168,44,1441322,175676,3,41221,3492,10000,296,260.223,260.223,36.526,0,55725,9812
139,P0_10000_1chcraft_B_r3,1788685077853,ClientDevBridge,1,47,1482543,179168,44,1441322,175676,3,41221,3492,10000,296,261.591,261.591,42.579,0,55725,9812
140,P0ctl_1000_1ch_A_r1,1788685139853,ClientDevBridge,1,4,122995,18725,4,122995,18725,0,0,0,1000,0,6.128,8.380,5.342,0,65537,0
141,P0ctl_1000_1ch_A_r2,1788685146853,ClientDevBridge,1,4,122995,18725,4,122995,18725,0,0,0,1000,0,5.129,6.975,3.967,0,65537,0
142,P0ctl_1000_1ch_A_r3,1788685153853,ClientDevBridge,1,4,122995,18725,4,122995,18725,0,0,0,1000,0,4.645,6.438,3.612,0,65537,0
143,P0ctl_1000_1ch_B_r1,1788685160853,ClientDevBridge,1,4,122995,18725,4,122995,18725,0,0,0,1000,0,4.966,7.266,3.954,0,65537,0
144,P0ctl_1000_1ch_B_r2,1788685167853,ClientDevBridge,1,4,122995,18725,4,122995,18725,0,0,0,1000,0,5.268,7.043,3.750,0,55324,10213
145,P0ctl_1000_1ch_B_r3,1788685174853,ClientDevBridge,1,4,122995,18725,4,122995,18725,0,0,0,1000,0,4.271,6.107,3.849,0,65537,0
146,P0ctl_10000_1ch_A_r1,1788685187853,ClientDevBridge,1,40,1441034,175478,40,1441034,175478,0,0,0,10000,0,295.391,295.391,37.404,0,55870,9667
147,P0ctl_10000_1ch_A_r2,1788685195453,ClientDevBridge,1,40,1441034,175478,40,1441034,175478,0,0,0,10000,0,265.215,265.215,37.325,0,55719,9818
148,P0ctl_10000_1ch_A_r3,1788685203253,ClientDevBridge,1,40,1441034,175478,40,1441034,175478,0,0,0,10000,0,265.436,265.436,38.133,0,56180,9357
149,P0ctl_10000_1ch_B_r1,1788685210953,ClientDevBridge,1,40,1441034,175478,40,1441034,175478,0,0,0,10000,0,260.955,260.955,41.044,0,56363,9174
150,P0ctl_10000_1ch_B_r2,1788685218603,ClientDevBridge,1,40,1441034,175478,40,1441034,175478,0,0,0,10000,0,262.259,262.259,41.161,0,55948,9589
151,P0ctl_10000_1ch_B_r3,1788685226303,ClientDevBridge,1,40,1441034,175478,40,1441034,175478,0,0,0,10000,0,268.547,268.547,38.039,0,55949,9588
152,P1_1000_1ch_A_r1,1788685244854,ClientDevBridge,1,4,122995,18725,4,122995,18725,0,0,0,1000,0,4.486,6.234,3.660,0,65537,0
153,P1_1000_1ch_A_r2,1788685252153,ClientDevBridge,1,4,122995,18725,4,122995,18725,0,0,0,1000,0,4.730,6.397,3.691,0,65537,0
154,P1_1000_1ch_A_r3,1788685259453,ClientDevBridge,1,4,122995,18725,4,122995,18725,0,0,0,1000,0,4.773,6.331,3.642,0,65303,234
155,P1_1000_1ch_B_r1,1788685266753,ClientDevBridge,1,4,122995,18725,4,122995,18725,0,0,0,1000,0,5.057,6.670,3.690,0,65347,190
156,P1_1000_1ch_B_r2,1788685274053,ClientDevBridge,1,4,122995,18725,4,122995,18725,0,0,0,1000,0,3.979,5.555,3.619,0,65427,110
157,P1_1000_1ch_B_r3,1788685281053,ClientDevBridge,1,4,122995,18725,4,122995,18725,0,0,0,1000,0,3.994,5.778,3.687,0,65437,100
158,P1_10000_1ch_A_r1,1788685294353,ClientDevBridge,1,40,1441034,175467,40,1441034,175467,0,0,0,10000,0,291.807,291.807,46.302,0,65537,0
159,P1_10000_1ch_A_r2,1788685301903,ClientDevBridge,1,40,1441034,175467,40,1441034,175467,0,0,0,10000,0,265.871,265.871,39.875,0,65537,0
160,P1_10000_1ch_A_r3,1788685309503,ClientDevBridge,1,40,1441034,175467,40,1441034,175467,0,0,0,10000,0,267.351,267.351,36.504,0,65537,0
161,P1_10000_1ch_B_r1,1788685317203,ClientDevBridge,1,40,1441034,175467,40,1441034,175467,0,0,0,10000,0,269.782,269.782,36.169,0,65537,0
162,P1_10000_1ch_B_r2,1788685324753,ClientDevBridge,1,40,1441034,175467,40,1441034,175467,0,0,0,10000,0,260.505,260.505,36.050,0,56568,8969
163,P1_10000_1ch_B_r3,1788685332303,ClientDevBridge,1,40,1441034,175467,40,1441034,175467,0,0,0,10000,0,283.076,283.076,43.431,0,65537,0
164,P1_50000_1ch_A_r1,1788685353703,ClientDevBridge,1,196,7550606,864900,196,7550606,864900,0,0,0,50000,0,5589.768,5589.768,183.847,0,55874,9663
165,P1_50000_1ch_A_r2,1788685371204,ClientDevBridge,1,196,7550606,864900,196,7550606,864900,0,0,0,50000,0,5676.746,5676.746,199.772,0,55878,9659
166,P1_50000_1ch_A_r3,1788685389103,ClientDevBridge,1,196,7550606,864900,196,7550606,864900,0,0,0,50000,0,5622.574,5622.574,193.657,0,55874,9663
167,P1_50000_1ch_B_r1,1788685406653,ClientDevBridge,1,196,7550606,864900,196,7550606,864900,0,0,0,50000,0,5777.009,5777.009,203.087,0,55757,9780
168,P1_50000_1ch_B_r2,1788685424654,ClientDevBridge,1,196,7550606,864900,196,7550606,864900,0,0,0,50000,0,5594.486,5594.486,183.356,0,55956,9581
169,P1_50000_1ch_B_r3,1788685442204,ClientDevBridge,1,196,7550606,864900,196,7550606,864900,0,0,0,50000,0,5910.969,5910.969,194.466,0,56005,9532
170,P1_10000_4ch_A_r1,1788685471003,ClientDevBridge,4,40,1236611,182505,40,1236611,182505,0,0,0,10000,0,108.128,108.128,40.690,0,56609,8928
171,P1_10000_4ch_A_r2,1788685478203,ClientDevBridge,4,40,1236611,182505,40,1236611,182505,0,0,0,10000,0,69.223,69.223,50.972,0,65537,0
172,P1_10000_4ch_A_r3,1788685485303,ClientDevBridge,4,40,1236611,182505,40,1236611,182505,0,0,0,10000,0,73.751,73.751,34.882,0,56126,9411
173,P1_10000_4ch_B_r1,1788685492453,ClientDevBridge,4,40,1236611,182505,40,1236611,182505,0,0,0,10000,0,72.051,72.051,35.572,0,56018,9519
174,P1_10000_4ch_B_r2,1788685499553,ClientDevBridge,4,40,1236611,182505,40,1236611,182505,0,0,0,10000,0,78.018,78.018,34.552,0,56289,9248
175,P1_10000_4ch_B_r3,1788685506703,ClientDevBridge,4,40,1236611,182505,40,1236611,182505,0,0,0,10000,0,94.204,94.204,34.830,0,56055,9482
176,delta_P1_10000_1ch_C_r1,1788685524653,ClientDevBridge,1,40,1441034,175504,40,1441034,175504,0,0,0,10000,0,338.345,338.345,42.628,0,65325,212
177,P1_10000_1ch_C_r1,1788685537253,ClientDevBridge,1,40,1434356,175015,40,1434356,175015,0,0,0,9967,0,285.850,285.850,35.787,0,65537,0
178,delta_P1_10000_1ch_C_r2,1788685544803,ClientDevBridge,1,40,1434356,175015,40,1434356,175015,0,0,0,9967,0,274.171,274.171,42.636,0,65537,0
179,P1_10000_1ch_C_r2,1788685557353,ClientDevBridge,1,40,1430130,174848,40,1430130,174848,0,0,0,9935,0,279.125,279.125,35.139,0,65537,0
180,delta_P1_10000_1ch_C_r3,1788685564903,ClientDevBridge,1,40,1430130,174848,40,1430130,174848,0,0,0,9935,0,265.102,265.102,37.713,0,57048,8489
181,P1_10000_1ch_C_r3,1788685577504,ClientDevBridge,1,40,1422987,174410,40,1422987,174410,0,0,0,9903,0,266.381,266.381,34.804,0,65325,212
182,delta_P1_10000_1ch_D_r1,1788685585153,ClientDevBridge,1,40,1422987,174410,40,1422987,174410,0,0,0,9903,0,278.974,278.974,36.319,0,55929,9608
183,P1_10000_1ch_D_r1,1788685598753,ClientDevBridge,1,38,1367437,167270,38,1367437,167270,0,0,0,9591,0,236.526,236.526,34.332,0,65537,0
184,delta_P1_10000_1ch_D_r2,1788685606403,ClientDevBridge,1,38,1367437,167270,38,1367437,167270,0,0,0,9591,0,272.400,272.400,63.905,0,56395,9142
185,P1_10000_1ch_D_r2,1788685619003,ClientDevBridge,1,38,1317867,161834,38,1317867,161834,0,0,0,9307,0,225.943,225.943,37.322,0,65537,0
186,delta_P1_10000_1ch_D_r3,1788685626603,ClientDevBridge,1,38,1317867,161834,38,1317867,161834,0,0,0,9307,0,236.627,236.627,40.741,0,65537,0
187,P1_10000_1ch_D_r3,1788685639203,ClientDevBridge,1,36,1267086,155904,36,1267086,155904,0,0,0,9023,0,241.393,241.393,43.601,0,65325,212
188,P2_1000_1ch_A_r1,1788685658653,ClientDevBridge,1,4,122995,18725,4,122995,18725,0,0,0,1000,0,13.780,17.673,4.793,0,65537,0
189,P2_1000_1ch_A_r2,1788685665953,ClientDevBridge,1,4,122995,18725,4,122995,18725,0,0,0,1000,0,4.751,6.253,3.817,0,65537,0
190,P2_1000_1ch_A_r3,1788685673253,ClientDevBridge,1,4,122995,18725,4,122995,18725,0,0,0,1000,0,4.044,5.831,3.934,0,65537,0
191,P2_1000_1ch_B_r1,1788685680554,ClientDevBridge,1,4,122995,18725,4,122995,18725,0,0,0,1000,0,4.235,8.711,6.716,0,65537,0
192,P2_1000_1ch_B_r2,1788685687853,ClientDevBridge,1,4,122995,18725,4,122995,18725,0,0,0,1000,0,3.840,8.705,3.637,0,65537,0
193,P2_1000_1ch_B_r3,1788685695153,ClientDevBridge,1,4,122995,18725,4,122995,18725,0,0,0,1000,0,4.011,7.468,3.934,0,65537,0
194,P2_10000_1ch_A_r1,1788685708553,ClientDevBridge,1,40,1441034,175546,40,1441034,175546,0,0,0,10000,0,273.986,273.986,36.537,0,65537,0
195,P2_10000_1ch_A_r2,1788685716253,ClientDevBridge,1,40,1441034,175546,40,1441034,175546,0,0,0,10000,0,265.131,265.131,37.032,0,56554,8983
196,P2_10000_1ch_A_r3,1788685723903,ClientDevBridge,1,40,1441034,175546,40,1441034,175546,0,0,0,10000,0,274.664,274.664,36.734,0,65537,0
197,P2_10000_1ch_A_r3,1788685727753,ClientDevBridge,1,40,1441034,175546,40,1441034,175546,0,0,0,10000,0,271.589,271.589,37.441,0,56761,8776
198,P2_10000_1ch_B_r1,1788685734803,ClientDevBridge,1,40,1441034,175546,40,1441034,175546,0,0,0,10000,0,302.264,302.264,45.785,0,56478,9059
199,P2_10000_1ch_B_r2,1788685742453,ClientDevBridge,1,40,1441034,175546,40,1441034,175546,0,0,0,10000,0,271.930,271.930,34.881,0,55719,9818
200,P2_10000_1ch_B_r3,1788685750103,ClientDevBridge,1,40,1441034,175546,40,1441034,175546,0,0,0,10000,0,263.979,263.979,40.465,0,65537,0
201,P2_50000_1ch_A_r1,1788685772004,ClientDevBridge,1,196,7550606,865213,196,7550606,865213,0,0,0,50000,0,5929.177,5929.177,203.972,0,56609,8928
202,P2_50000_1ch_A_r1,1788685782203,ClientDevBridge,1,196,7550606,865213,196,7550606,865213,0,0,0,50000,0,5707.169,5707.169,192.843,0,57107,8430
203,P2_50000_1ch_A_r2,1788685796303,ClientDevBridge,1,196,7550606,865213,196,7550606,865213,0,0,0,50000,0,5647.352,5647.352,185.143,0,56583,8954
204,P2_50000_1ch_A_r3,1788685814154,ClientDevBridge,1,196,7550606,865213,196,7550606,865213,0,0,0,50000,0,5801.232,5801.232,201.209,0,65537,0
205,P2_50000_1ch_B_r1,1788685832253,ClientDevBridge,1,196,7550606,865213,196,7550606,865213,0,0,0,50000,0,5859.833,5859.833,195.506,0,56384,9153
206,P2_50000_1ch_B_r2,1788685850253,ClientDevBridge,1,196,7550606,865213,196,7550606,865213,0,0,0,50000,0,5624.306,5624.306,217.358,0,65325,212
207,P2_50000_1ch_B_r2,1788685860053,ClientDevBridge,1,196,7550606,865213,196,7550606,865213,0,0,0,50000,0,5729.985,5729.985,182.758,0,57147,8390
208,P2_50000_1ch_B_r2,1788685869954,ClientDevBridge,1,196,7550606,865213,196,7550606,865213,0,0,0,50000,0,5711.482,5711.482,184.131,0,65325,212
209,P2_50000_1ch_B_r2,1788685883703,ClientDevBridge,1,196,7550606,865213,196,7550606,865213,0,0,0,50000,0,5595.604,5595.604,196.604,0,56811,8726
210,P2_50000_1ch_B_r3,1788685897455,ClientDevBridge,1,196,7550606,865213,196,7550606,865213,0,0,0,50000,0,5580.734,5580.734,192.292,0,56465,9072
211,P2_10000_4ch_A_r1,1788685927003,ClientDevBridge,4,40,1236611,182505,40,1236611,182505,0,0,0,10000,0,78.015,78.015,34.839,0,65537,0
212,P2_10000_4ch_A_r2,1788685934353,ClientDevBridge,4,40,1236611,182505,40,1236611,182505,0,0,0,10000,0,99.745,99.745,59.454,0,65537,0
213,P2_10000_4ch_A_r3,1788685941703,ClientDevBridge,4,40,1236611,182505,40,1236611,182505,0,0,0,10000,0,67.435,67.435,33.544,0,56126,9411
214,P2_10000_4ch_B_r1,1788685949054,ClientDevBridge,4,40,1236611,182505,40,1236611,182505,0,0,0,10000,0,68.605,68.605,50.476,0,65537,0
215,P2_10000_4ch_B_r2,1788685956603,ClientDevBridge,4,40,1236611,182505,40,1236611,182505,0,0,0,10000,0,71.499,71.499,34.327,0,65325,212
216,P2_10000_4ch_B_r3,1788685963953,ClientDevBridge,4,40,1236611,182505,40,1236611,182505,0,0,0,10000,0,70.265,70.265,35.599,0,56609,8928
217,P2_10000_4ch_B_r3,1788685967703,ClientDevBridge,4,40,1236611,182505,40,1236611,182505,0,0,0,10000,0,104.026,104.026,34.747,0,65325,212
218,delta_P2_10000_1ch_C_r1,1788685986603,ClientDevBridge,1,40,1441034,175452,40,1441034,175452,0,0,0,10000,0,302.010,302.010,35.719,0,56183,9354
219,P2_10000_1ch_C_r1,1788685999303,ClientDevBridge,1,40,1433862,174881,40,1433862,174881,0,0,0,9967,0,245.012,245.012,35.259,0,65325,212
220,delta_P2_10000_1ch_C_r2,1788686006953,ClientDevBridge,1,40,1433862,174881,40,1433862,174881,0,0,0,9967,0,276.917,276.917,57.702,0,56698,8839
221,delta_P2_10000_1ch_C_r2,1788686010753,ClientDevBridge,1,40,1433862,174881,40,1433862,174881,0,0,0,9967,0,300.829,300.829,45.810,0,55910,9627
222,P2_10000_1ch_C_r2,1788686023854,ClientDevBridge,1,40,1425636,174244,40,1425636,174244,0,0,0,9934,0,263.630,263.630,48.776,0,56330,9207
223,P2_10000_1ch_C_r2,1788686027803,ClientDevBridge,1,40,1425636,174244,40,1425636,174244,0,0,0,9934,0,338.518,338.518,38.323,0,65537,0
224,P2_10000_1ch_C_r2,1788686031603,ClientDevBridge,1,40,1425636,174244,40,1425636,174244,0,0,0,9934,0,249.100,249.100,35.893,0,65537,0
225,delta_P2_10000_1ch_C_r3,1788686038653,ClientDevBridge,1,40,1425636,174244,40,1425636,174244,0,0,0,9934,0,271.382,271.382,37.632,0,65537,0
226,P2_10000_1ch_C_r3,1788686051303,ClientDevBridge,1,40,1420433,173881,40,1420433,173881,0,0,0,9902,0,259.001,259.001,34.894,0,65537,0
227,delta_P2_10000_1ch_D_r1,1788686058953,ClientDevBridge,1,40,1420433,173881,40,1420433,173881,0,0,0,9902,0,256.179,256.179,56.945,0,56467,9070
228,P2_10000_1ch_D_r1,1788686071653,ClientDevBridge,1,38,1362448,166769,38,1362448,166769,0,0,0,9582,0,244.171,244.171,33.344,0,65537,0
229,delta_P2_10000_1ch_D_r2,1788686079303,ClientDevBridge,1,38,1362448,166769,38,1362448,166769,0,0,0,9582,0,240.400,240.400,48.902,0,56499,9038
230,P2_10000_1ch_D_r2,1788686091953,ClientDevBridge,1,38,1311427,161062,38,1311427,161062,0,0,0,9287,0,231.040,231.040,34.620,0,56048,9489
231,P2_10000_1ch_D_r2,1788686095753,ClientDevBridge,1,38,1311427,161062,38,1311427,161062,0,0,0,9287,0,214.211,214.211,31.809,0,65537,0
232,delta_P2_10000_1ch_D_r3,1788686102703,ClientDevBridge,1,38,1311427,161062,38,1311427,161062,0,0,0,9287,0,219.060,219.060,43.190,0,65537,0
233,P2_10000_1ch_D_r3,1788686115353,ClientDevBridge,1,36,1265537,155548,36,1265537,155548,0,0,0,9017,0,237.845,237.845,44.742,0,56855,8682
234,P3_1000_1ch_A_r1,1788686137053,ClientDevBridge,1,4,122995,18725,4,122995,18725,0,0,0,1000,0,4.363,5.834,3.628,0,65537,0
235,P3_1000_1ch_A_r1,1788686140853,ClientDevBridge,1,4,122995,18725,4,122995,18725,0,0,0,1000,0,4.570,6.270,3.876,0,65537,0
236,P3_1000_1ch_A_r1,1788686144653,ClientDevBridge,1,4,122995,18725,4,122995,18725,0,0,0,1000,0,4.609,6.259,3.733,0,65537,0
237,P3_1000_1ch_A_r1,1788686148653,ClientDevBridge,1,4,122995,18725,4,122995,18725,0,0,0,1000,0,4.470,6.090,3.660,0,65437,100
238,P3_1000_1ch_A_r1,1788686152453,ClientDevBridge,1,4,122995,18725,4,122995,18725,0,0,0,1000,0,4.792,6.374,3.629,0,65537,0
239,P3_1000_1ch_A_r1,1788686156253,ClientDevBridge,1,4,122995,18725,4,122995,18725,0,0,0,1000,0,4.647,6.644,4.075,0,65429,108
240,P3_1000_1ch_A_r2,1788686160253,ClientDevBridge,1,4,122995,18725,4,122995,18725,0,0,0,1000,0,4.812,6.153,3.733,0,65537,0
241,P3_1000_1ch_A_r2,1788686164053,ClientDevBridge,1,4,122995,18725,4,122995,18725,0,0,0,1000,0,4.644,6.330,3.692,0,65537,0
242,P3_1000_1ch_A_r2,1788686167853,ClientDevBridge,1,4,122995,18725,4,122995,18725,0,0,0,1000,0,4.450,6.050,3.618,0,65537,0
243,P3_1000_1ch_A_r2,1788686171853,ClientDevBridge,1,4,122995,18725,4,122995,18725,0,0,0,1000,0,4.541,6.090,3.676,0,65165,372
244,P3_1000_1ch_A_r2,1788686175653,ClientDevBridge,1,4,122995,18725,4,122995,18725,0,0,0,1000,0,4.886,6.718,3.975,0,65537,0
245,P3_1000_1ch_A_r2,1788686179453,ClientDevBridge,1,4,122995,18725,4,122995,18725,0,0,0,1000,0,5.047,6.840,3.912,0,65537,0
246,P3_1000_1ch_A_r3,1788686183453,ClientDevBridge,1,4,122995,18725,4,122995,18725,0,0,0,1000,0,4.813,6.633,3.904,0,65537,0
247,P3_1000_1ch_A_r3,1788686187253,ClientDevBridge,1,4,122995,18725,4,122995,18725,0,0,0,1000,0,4.095,5.715,3.608,0,65429,108
248,P3_1000_1ch_A_r3,1788686191053,ClientDevBridge,1,4,122995,18725,4,122995,18725,0,0,0,1000,0,4.335,5.969,3.708,0,65537,0
249,P3_1000_1ch_A_r3,1788686195053,ClientDevBridge,1,4,122995,18725,4,122995,18725,0,0,0,1000,0,4.318,5.917,3.837,0,65537,0
250,P3_1000_1ch_A_r3,1788686198953,ClientDevBridge,1,4,122995,18725,4,122995,18725,0,0,0,1000,0,4.166,5.795,3.617,0,65537,0
251,P3_1000_1ch_A_r3,1788686202753,ClientDevBridge,1,4,122995,18725,4,122995,18725,0,0,0,1000,0,4.104,5.860,3.612,0,65537,0
252,P3_1000_1ch_B_r1,1788686206753,ClientDevBridge,1,4,122995,18725,4,122995,18725,0,0,0,1000,0,4.141,6.272,3.865,0,65537,0
253,P3_1000_1ch_B_r1,1788686210553,ClientDevBridge,1,4,122995,18725,4,122995,18725,0,0,0,1000,0,4.217,5.659,3.698,0,65429,108
254,P3_1000_1ch_B_r1,1788686214353,ClientDevBridge,1,4,122995,18725,4,122995,18725,0,0,0,1000,0,4.229,5.971,3.883,0,65537,0
255,P3_1000_1ch_B_r1,1788686218353,ClientDevBridge,1,4,122995,18725,4,122995,18725,0,0,0,1000,0,4.124,5.744,3.783,0,55324,10213
256,P3_1000_1ch_B_r1,1788686222153,ClientDevBridge,1,4,122995,18725,4,122995,18725,0,0,0,1000,0,3.909,5.646,3.687,0,65347,190
257,P3_1000_1ch_B_r1,1788686225953,ClientDevBridge,1,4,122995,18725,4,122995,18725,0,0,0,1000,0,5.057,7.190,4.966,0,65537,0
258,P3_1000_1ch_B_r2,1788686229953,ClientDevBridge,1,4,122995,18725,4,122995,18725,0,0,0,1000,0,4.042,5.755,3.599,0,65537,0
259,P3_1000_1ch_B_r2,1788686233753,ClientDevBridge,1,4,122995,18725,4,122995,18725,0,0,0,1000,0,4.019,5.637,3.553,0,65429,108
260,P3_1000_1ch_B_r2,1788686237553,ClientDevBridge,1,4,122995,18725,4,122995,18725,0,0,0,1000,0,4.284,7.075,4.179,0,65537,0
261,P3_1000_1ch_B_r2,1788686241553,ClientDevBridge,1,4,122995,18725,4,122995,18725,0,0,0,1000,0,4.042,5.828,3.661,0,65537,0
262,P3_1000_1ch_B_r2,1788686245353,ClientDevBridge,1,4,122995,18725,4,122995,18725,0,0,0,1000,0,4.508,6.181,3.803,0,65537,0
263,P3_1000_1ch_B_r2,1788686249153,ClientDevBridge,1,4,122995,18725,4,122995,18725,0,0,0,1000,0,4.076,5.698,3.661,0,65537,0
264,P3_1000_1ch_B_r3,1788686253153,ClientDevBridge,1,4,122995,18725,4,122995,18725,0,0,0,1000,0,4.221,5.597,3.552,0,65537,0
265,P3_1000_1ch_B_r3,1788686256953,ClientDevBridge,1,4,122995,18725,4,122995,18725,0,0,0,1000,0,4.173,5.840,3.623,0,65537,0
266,P3_1000_1ch_B_r3,1788686260753,ClientDevBridge,1,4,122995,18725,4,122995,18725,0,0,0,1000,0,4.082,5.805,3.687,0,65537,0
267,P3_1000_1ch_B_r3,1788686264753,ClientDevBridge,1,4,122995,18725,4,122995,18725,0,0,0,1000,0,4.262,6.065,3.815,0,65537,0
268,P3_1000_1ch_B_r3,1788686268553,ClientDevBridge,1,4,122995,18725,4,122995,18725,0,0,0,1000,0,4.243,5.918,3.802,0,65537,0
269,P3_1000_1ch_B_r3,1788686272353,ClientDevBridge,1,4,122995,18725,4,122995,18725,0,0,0,1000,0,4.522,6.207,3.781,0,65537,0
270,P3_10000_1ch_A_r1,1788686282353,ClientDevBridge,1,40,1441034,175479,40,1441034,175479,0,0,0,10000,0,246.748,246.748,33.063,0,65537,0
271,P3_10000_1ch_A_r1,1788686286153,ClientDevBridge,1,40,1441034,175479,40,1441034,175479,0,0,0,10000,0,270.884,270.884,38.718,0,65325,212
272,P3_10000_1ch_A_r1,1788686289953,ClientDevBridge,1,40,1441034,175479,40,1441034,175479,0,0,0,10000,0,304.991,304.991,36.286,0,56547,8990
273,P3_10000_1ch_A_r1,1788686294003,ClientDevBridge,1,40,1441034,175479,40,1441034,175479,0,0,0,10000,0,257.463,257.463,35.402,0,65537,0
274,P3_10000_1ch_A_r1,1788686297753,ClientDevBridge,1,40,1441034,175479,40,1441034,175479,0,0,0,10000,0,277.111,277.111,36.007,0,56355,9182
275,P3_10000_1ch_A_r1,1788686301603,ClientDevBridge,1,40,1441034,175479,40,1441034,175479,0,0,0,10000,0,264.861,264.861,35.723,0,65537,0
276,P3_10000_1ch_A_r2,1788686305603,ClientDevBridge,1,40,1441034,175479,40,1441034,175479,0,0,0,10000,0,296.525,296.525,35.877,0,65537,0
277,P3_10000_1ch_A_r2,1788686309403,ClientDevBridge,1,40,1441034,175479,40,1441034,175479,0,0,0,10000,0,254.516,254.516,35.766,0,65537,0
278,P3_10000_1ch_A_r2,1788686313203,ClientDevBridge,1,40,1441034,175479,40,1441034,175479,0,0,0,10000,0,264.390,264.390,39.628,0,65537,0
279,P3_10000_1ch_A_r2,1788686317203,ClientDevBridge,1,40,1441034,175479,40,1441034,175479,0,0,0,10000,0,278.562,278.562,38.783,0,65537,0
280,P3_10000_1ch_A_r2,1788686321003,ClientDevBridge,1,40,1441034,175479,40,1441034,175479,0,0,0,10000,0,283.286,283.286,34.651,0,65537,0
281,P3_10000_1ch_A_r2,1788686324803,ClientDevBridge,1,40,1441034,175479,40,1441034,175479,0,0,0,10000,0,257.288,257.288,34.483,0,65537,0
282,P3_10000_1ch_A_r3,1788686328853,ClientDevBridge,1,40,1441034,175479,40,1441034,175479,0,0,0,10000,0,244.319,244.319,38.140,0,65537,0
283,P3_10000_1ch_A_r3,1788686332653,ClientDevBridge,1,40,1441034,175479,40,1441034,175479,0,0,0,10000,0,262.870,262.870,37.857,0,65537,0
284,P3_10000_1ch_A_r3,1788686336403,ClientDevBridge,1,40,1441034,175479,40,1441034,175479,0,0,0,10000,0,311.759,311.759,45.881,0,56188,9349
285,P3_10000_1ch_A_r3,1788686340403,ClientDevBridge,1,40,1441034,175479,40,1441034,175479,0,0,0,10000,0,295.550,295.550,39.933,0,65537,0
286,P3_10000_1ch_A_r3,1788686344203,ClientDevBridge,1,40,1441034,175479,40,1441034,175479,0,0,0,10000,0,286.810,286.810,37.114,0,65537,0
287,P3_10000_1ch_A_r3,1788686348003,ClientDevBridge,1,40,1441034,175479,40,1441034,175479,0,0,0,10000,0,271.462,271.462,36.571,0,65537,0
288,P3_10000_1ch_B_r1,1788686352003,ClientDevBridge,1,40,1441034,175479,40,1441034,175479,0,0,0,10000,0,263.315,263.315,35.747,0,65537,0
289,P3_10000_1ch_B_r1,1788686355853,ClientDevBridge,1,40,1441034,175479,40,1441034,175479,0,0,0,10000,0,258.538,258.538,35.214,0,65537,0
290,P3_10000_1ch_B_r1,1788686359603,ClientDevBridge,1,40,1441034,175479,40,1441034,175479,0,0,0,10000,0,247.607,247.607,35.984,0,65537,0
291,P3_10000_1ch_B_r1,1788686363653,ClientDevBridge,1,40,1441034,175479,40,1441034,175479,0,0,0,10000,0,256.467,256.467,38.492,0,65537,0
292,P3_10000_1ch_B_r1,1788686367453,ClientDevBridge,1,40,1441034,175479,40,1441034,175479,0,0,0,10000,0,252.504,252.504,34.536,0,65537,0
293,P3_10000_1ch_B_r1,1788686371253,ClientDevBridge,1,40,1441034,175479,40,1441034,175479,0,0,0,10000,0,258.557,258.557,35.368,0,65537,0
294,P3_10000_1ch_B_r2,1788686375303,ClientDevBridge,1,40,1441034,175479,40,1441034,175479,0,0,0,10000,0,294.344,294.344,35.964,0,65537,0
295,P3_10000_1ch_B_r2,1788686379053,ClientDevBridge,1,40,1441034,175479,40,1441034,175479,0,0,0,10000,0,258.352,258.352,42.977,0,65537,0
296,P3_10000_1ch_B_r2,1788686382803,ClientDevBridge,1,40,1441034,175479,40,1441034,175479,0,0,0,10000,0,267.637,267.637,35.001,0,65537,0
297,P3_10000_1ch_B_r2,1788686386853,ClientDevBridge,1,40,1441034,175479,40,1441034,175479,0,0,0,10000,0,303.376,303.376,38.924,0,65537,0
298,P3_10000_1ch_B_r2,1788686390653,ClientDevBridge,1,40,1441034,175479,40,1441034,175479,0,0,0,10000,0,313.950,313.950,41.524,0,56555,8982
299,P3_10000_1ch_B_r2,1788686394453,ClientDevBridge,1,40,1441034,175479,40,1441034,175479,0,0,0,10000,0,253.232,253.232,34.997,0,65537,0
300,P3_10000_1ch_B_r3,1788686398503,ClientDevBridge,1,40,1441034,175479,40,1441034,175479,0,0,0,10000,0,259.019,259.019,33.504,0,55968,9569
301,P3_10000_1ch_B_r3,1788686402353,ClientDevBridge,1,40,1441034,175479,40,1441034,175479,0,0,0,10000,0,264.279,264.279,41.034,0,65325,212
302,P3_10000_1ch_B_r3,1788686406153,ClientDevBridge,1,40,1441034,175479,40,1441034,175479,0,0,0,10000,0,260.480,260.480,35.111,0,56443,9094
303,P3_10000_1ch_B_r3,1788686410153,ClientDevBridge,1,40,1441034,175479,40,1441034,175479,0,0,0,10000,0,258.790,258.790,36.078,0,65537,0
304,P3_10000_1ch_B_r3,1788686413953,ClientDevBridge,1,40,1441034,175479,40,1441034,175479,0,0,0,10000,0,250.228,250.228,35.201,0,65537,0
305,P3_10000_1ch_B_r3,1788686417753,ClientDevBridge,1,40,1441034,175479,40,1441034,175479,0,0,0,10000,0,261.497,261.497,43.476,0,65537,0
306,P3_50000_1ch_A_r1,1788686435453,ClientDevBridge,1,196,7550606,864968,196,7550606,864968,0,0,0,50000,0,5497.259,5497.259,179.155,0,65325,212
307,P3_50000_1ch_A_r1,1788686445354,ClientDevBridge,1,196,7550606,864968,196,7550606,864968,0,0,0,50000,0,5534.321,5534.321,191.797,0,65325,212
308,P3_50000_1ch_A_r1,1788686455153,ClientDevBridge,1,196,7550606,864968,196,7550606,864968,0,0,0,50000,0,5609.921,5609.921,198.834,0,56039,9498
309,P3_50000_1ch_A_r1,1788686469253,ClientDevBridge,1,196,7550606,864968,196,7550606,864968,0,0,0,50000,0,5468.865,5468.865,193.164,0,56937,8600
310,P3_50000_1ch_A_r1,1788686478953,ClientDevBridge,1,196,7550606,864968,196,7550606,864968,0,0,0,50000,0,5422.431,5422.431,184.317,0,65537,0
311,P3_50000_1ch_A_r1,1788686488553,ClientDevBridge,1,196,7550606,864968,196,7550606,864968,0,0,0,50000,0,5367.357,5367.357,181.462,0,65537,0
312,P3_50000_1ch_A_r2,1788686502103,ClientDevBridge,1,196,7550606,864968,196,7550606,864968,0,0,0,50000,0,5530.118,5530.118,181.370,0,65325,212
313,P3_50000_1ch_A_r2,1788686511903,ClientDevBridge,1,196,7550606,864968,196,7550606,864968,0,0,0,50000,0,5370.360,5370.360,180.195,0,56475,9062
314,P3_50000_1ch_A_r2,1788686521203,ClientDevBridge,1,196,7550606,864968,196,7550606,864968,0,0,0,50000,0,5560.229,5560.229,176.667,0,65325,212
315,P3_50000_1ch_A_r2,1788686534754,ClientDevBridge,1,196,7550606,864968,196,7550606,864968,0,0,0,50000,0,5295.812,5295.812,173.525,0,56937,8600
316,P3_50000_1ch_A_r2,1788686544053,ClientDevBridge,1,196,7550606,864968,196,7550606,864968,0,0,0,50000,0,5440.786,5440.786,179.098,0,65537,0
317,P3_50000_1ch_A_r2,1788686553553,ClientDevBridge,1,196,7550606,864968,196,7550606,864968,0,0,0,50000,0,5495.370,5495.370,187.936,0,56307,9230
318,P3_50000_1ch_A_r3,1788686567953,ClientDevBridge,1,196,7550606,864968,196,7550606,864968,0,0,0,50000,0,5694.260,5694.260,195.625,0,65537,0
319,P3_50000_1ch_A_r3,1788686578054,ClientDevBridge,1,196,7550606,864968,196,7550606,864968,0,0,0,50000,0,5610.895,5610.895,182.178,0,65325,212
320,P3_50000_1ch_A_r3,1788686587853,ClientDevBridge,1,196,7550606,864968,196,7550606,864968,0,0,0,50000,0,5640.055,5640.055,215.612,0,56850,8687
321,P3_50000_1ch_A_r3,1788686602753,ClientDevBridge,1,196,7550606,864968,196,7550606,864968,0,0,0,50000,0,5529.597,5529.597,187.440,0,65537,0
322,P3_50000_1ch_A_r3,1788686612453,ClientDevBridge,1,196,7550606,864968,196,7550606,864968,0,0,0,50000,0,5378.189,5378.189,182.482,0,65537,0
323,P3_50000_1ch_A_r3,1788686622053,ClientDevBridge,1,196,7550606,864968,196,7550606,864968,0,0,0,50000,0,5487.862,5487.862,180.172,0,65325,212
324,P3_50000_1ch_B_r1,1788686635804,ClientDevBridge,1,196,7550606,864968,196,7550606,864968,0,0,0,50000,0,5534.312,5534.312,171.412,0,65537,0
325,P3_50000_1ch_B_r1,1788686645503,ClientDevBridge,1,196,7550606,864968,196,7550606,864968,0,0,0,50000,0,5642.673,5642.673,194.336,0,65325,212
326,P3_50000_1ch_B_r1,1788686655403,ClientDevBridge,1,196,7550606,864968,196,7550606,864968,0,0,0,50000,0,5923.347,5923.347,190.538,0,65537,0
327,P3_50000_1ch_B_r1,1788686669603,ClientDevBridge,1,196,7550606,864968,196,7550606,864968,0,0,0,50000,0,5627.092,5627.092,206.670,0,56401,9136
328,P3_50000_1ch_B_r1,1788686679404,ClientDevBridge,1,196,7550606,864968,196,7550606,864968,0,0,0,50000,0,5513.444,5513.444,181.530,0,55929,9608
329,P3_50000_1ch_B_r1,1788686689103,ClientDevBridge,1,196,7550606,864968,196,7550606,864968,0,0,0,50000,0,5531.971,5531.971,177.005,0,56401,9136
330,P3_50000_1ch_B_r2,1788686703003,ClientDevBridge,1,196,7550606,864968,196,7550606,864968,0,0,0,50000,0,5763.588,5763.588,203.935,0,56006,9531
331,P3_50000_1ch_B_r2,1788686713003,ClientDevBridge,1,196,7550606,864968,196,7550606,864968,0,0,0,50000,0,5945.645,5945.645,180.245,0,65325,212
332,P3_50000_1ch_B_r2,1788686723204,ClientDevBridge,1,196,7550606,864968,196,7550606,864968,0,0,0,50000,0,5621.643,5621.643,193.686,0,56307,9230
333,P3_50000_1ch_B_r2,1788686737253,ClientDevBridge,1,196,7550606,864968,196,7550606,864968,0,0,0,50000,0,5803.157,5803.157,196.465,0,56206,9331
334,P3_50000_1ch_B_r2,1788686747253,ClientDevBridge,1,196,7550606,864968,196,7550606,864968,0,0,0,50000,0,5549.442,5549.442,185.585,0,56984,8553
335,P3_50000_1ch_B_r2,1788686757053,ClientDevBridge,1,196,7550606,864968,196,7550606,864968,0,0,0,50000,0,5579.209,5579.209,184.753,0,57835,7702
336,P3_50000_1ch_B_r3,1788686771354,ClientDevBridge,1,196,7550606,864968,196,7550606,864968,0,0,0,50000,0,5621.814,5621.814,185.841,0,56530,9007
337,P3_50000_1ch_B_r3,1788686781153,ClientDevBridge,1,196,7550606,864968,196,7550606,864968,0,0,0,50000,0,5477.328,5477.328,178.991,0,57008,8529
338,P3_50000_1ch_B_r3,1788686790853,ClientDevBridge,1,196,7550606,864968,196,7550606,864968,0,0,0,50000,0,5617.449,5617.449,178.068,0,56388,9149
339,P3_50000_1ch_B_r3,1788686805253,ClientDevBridge,1,196,7550606,864968,196,7550606,864968,0,0,0,50000,0,5630.410,5630.410,193.335,0,65537,0
340,P3_50000_1ch_B_r3,1788686815054,ClientDevBridge,1,196,7550606,864968,196,7550606,864968,0,0,0,50000,0,5512.495,5512.495,206.424,0,65537,0
341,P3_50000_1ch_B_r3,1788686824753,ClientDevBridge,1,196,7550606,864968,196,7550606,864968,0,0,0,50000,0,5658.452,5658.452,241.118,1,0,0
342,P3_10000_4ch_A_r1,1788686846704,ClientDevBridge,4,40,1236611,182505,40,1236611,182505,0,0,0,10000,0,81.459,81.459,35.323,0,65537,0
343,P3_10000_4ch_A_r1,1788686850553,ClientDevBridge,4,40,1236611,182505,40,1236611,182505,0,0,0,10000,0,73.059,73.059,33.906,0,56454,9083
344,P3_10000_4ch_A_r1,1788686854353,ClientDevBridge,4,40,1236611,182505,40,1236611,182505,0,0,0,10000,0,73.166,73.166,38.363,0,65537,0
345,P3_10000_4ch_A_r1,1788686858353,ClientDevBridge,4,40,1236611,182505,40,1236611,182505,0,0,0,10000,0,79.483,89.428,38.662,0,55681,9856
346,P3_10000_4ch_A_r1,1788686862153,ClientDevBridge,4,40,1236611,182505,40,1236611,182505,0,0,0,10000,0,78.057,78.057,34.268,0,65537,0
347,P3_10000_4ch_A_r1,1788686865953,ClientDevBridge,4,40,1236611,182505,40,1236611,182505,0,0,0,10000,0,108.697,108.697,48.670,0,65537,0
348,P3_10000_4ch_A_r2,1788686869953,ClientDevBridge,4,40,1236611,182505,40,1236611,182505,0,0,0,10000,0,70.919,70.919,36.777,0,65537,0
349,P3_10000_4ch_A_r2,1788686873753,ClientDevBridge,4,40,1236611,182505,40,1236611,182505,0,0,0,10000,0,111.550,111.550,49.441,0,65537,0
350,P3_10000_4ch_A_r2,1788686877553,ClientDevBridge,4,40,1236611,182505,40,1236611,182505,0,0,0,10000,0,70.444,70.444,33.738,0,65537,0
351,P3_10000_4ch_A_r2,1788686881553,ClientDevBridge,4,40,1236611,182505,40,1236611,182505,0,0,0,10000,0,74.022,74.022,34.548,0,65537,0
352,P3_10000_4ch_A_r2,1788686885353,ClientDevBridge,4,40,1236611,182505,40,1236611,182505,0,0,0,10000,0,72.648,72.648,35.355,0,65537,0
353,P3_10000_4ch_A_r2,1788686889153,ClientDevBridge,4,40,1236611,182505,40,1236611,182505,0,0,0,10000,0,74.904,74.904,34.594,0,56034,9503
354,P3_10000_4ch_A_r3,1788686893153,ClientDevBridge,4,40,1236611,182505,40,1236611,182505,0,0,0,10000,0,79.789,79.789,33.307,0,65537,0
355,P3_10000_4ch_A_r3,1788686896953,ClientDevBridge,4,40,1236611,182505,40,1236611,182505,0,0,0,10000,0,75.537,75.537,34.115,0,56609,8928
356,P3_10000_4ch_A_r3,1788686900753,ClientDevBridge,4,40,1236611,182505,40,1236611,182505,0,0,0,10000,0,75.336,75.336,34.073,0,65537,0
357,P3_10000_4ch_A_r3,1788686904753,ClientDevBridge,4,40,1236611,182505,40,1236611,182505,0,0,0,10000,0,70.672,70.672,33.668,0,56126,9411
358,P3_10000_4ch_A_r3,1788686908553,ClientDevBridge,4,40,1236611,182505,40,1236611,182505,0,0,0,10000,0,71.842,71.842,34.213,0,65537,0
359,P3_10000_4ch_A_r3,1788686912353,ClientDevBridge,4,40,1236611,182505,40,1236611,182505,0,0,0,10000,0,72.701,72.701,34.734,0,65537,0
360,P3_10000_4ch_B_r1,1788686916353,ClientDevBridge,4,40,1236611,182505,40,1236611,182505,0,0,0,10000,0,79.201,79.201,37.408,0,65537,0
361,P3_10000_4ch_B_r1,1788686920153,ClientDevBridge,4,40,1236611,182505,40,1236611,182505,0,0,0,10000,0,70.795,70.795,35.730,0,65537,0
362,P3_10000_4ch_B_r1,1788686923953,ClientDevBridge,4,40,1236611,182505,40,1236611,182505,0,0,0,10000,0,68.839,68.839,34.398,0,57194,8343
363,P3_10000_4ch_B_r1,1788686927953,ClientDevBridge,4,40,1236611,182505,40,1236611,182505,0,0,0,10000,0,67.524,67.524,34.088,0,65537,0
364,P3_10000_4ch_B_r1,1788686931753,ClientDevBridge,4,40,1236611,182505,40,1236611,182505,0,0,0,10000,0,72.298,72.298,34.404,0,55664,9873
365,P3_10000_4ch_B_r1,1788686935553,ClientDevBridge,4,40,1236611,182505,40,1236611,182505,0,0,0,10000,0,74.902,74.902,34.169,0,65537,0
366,P3_10000_4ch_B_r2,1788686939553,ClientDevBridge,4,40,1236611,182505,40,1236611,182505,0,0,0,10000,0,70.350,70.350,35.711,0,65537,0
367,P3_10000_4ch_B_r2,1788686943353,ClientDevBridge,4,40,1236611,182505,40,1236611,182505,0,0,0,10000,0,92.054,92.054,34.934,0,65300,237
368,P3_10000_4ch_B_r2,1788686947153,ClientDevBridge,4,40,1236611,182505,40,1236611,182505,0,0,0,10000,0,72.793,72.793,49.859,0,56141,9396
369,P3_10000_4ch_B_r2,1788686951153,ClientDevBridge,4,40,1236611,182505,40,1236611,182505,0,0,0,10000,0,68.786,68.786,33.819,0,55664,9873
370,P3_10000_4ch_B_r2,1788686954953,ClientDevBridge,4,40,1236611,182505,40,1236611,182505,0,0,0,10000,0,94.091,94.091,34.348,0,65537,0
371,P3_10000_4ch_B_r2,1788686958753,ClientDevBridge,4,40,1236611,182505,40,1236611,182505,0,0,0,10000,0,68.926,68.926,34.444,0,55664,9873
372,P3_10000_4ch_B_r3,1788686962753,ClientDevBridge,4,40,1236611,182505,40,1236611,182505,0,0,0,10000,0,71.901,71.901,35.797,0,55664,9873
373,P3_10000_4ch_B_r3,1788686966553,ClientDevBridge,4,40,1236611,182505,40,1236611,182505,0,0,0,10000,0,96.704,96.704,36.896,0,55770,9767
374,P3_10000_4ch_B_r3,1788686970353,ClientDevBridge,4,40,1236611,182505,40,1236611,182505,0,0,0,10000,0,75.961,75.961,36.022,0,57074,8463
375,P3_10000_4ch_B_r3,1788686974353,ClientDevBridge,4,40,1236611,182505,40,1236611,182505,0,0,0,10000,0,70.964,70.964,34.643,0,65537,0
376,P3_10000_4ch_B_r3,1788686978153,ClientDevBridge,4,40,1236611,182505,40,1236611,182505,0,0,0,10000,0,87.511,87.511,56.992,0,56343,9194
377,P3_10000_4ch_B_r3,1788686981953,ClientDevBridge,4,40,1236611,182505,40,1236611,182505,0,0,0,10000,0,68.462,68.462,37.435,0,65537,0
378,delta_P3_10000_1ch_C_r1,1788686999353,ClientDevBridge,1,40,1441034,175506,40,1441034,175506,0,0,0,10000,0,284.892,284.892,36.857,0,65537,0
379,delta_P3_10000_1ch_C_r1,1788687003153,ClientDevBridge,1,40,1441034,175506,40,1441034,175506,0,0,0,10000,0,270.514,270.514,37.324,0,65537,0
380,delta_P3_10000_1ch_C_r1,1788687007003,ClientDevBridge,1,40,1441034,175506,40,1441034,175506,0,0,0,10000,0,282.225,282.225,36.316,0,65537,0
381,P3_10000_1ch_C_r1,1788687011003,ClientDevBridge,1,40,1441034,175506,40,1441034,175506,0,0,0,10000,0,261.856,261.856,37.779,0,65537,0
382,P3_10000_1ch_C_r1,1788687014803,ClientDevBridge,1,40,1441034,175506,40,1441034,175506,0,0,0,10000,0,266.962,266.962,38.708,0,65537,0
383,P3_10000_1ch_C_r1,1788687018603,ClientDevBridge,1,40,1441034,175506,40,1441034,175506,0,0,0,10000,0,263.365,263.365,35.530,0,65537,0
384,P3_10000_1ch_C_r1,1788687022603,ClientDevBridge,1,40,1441034,175506,40,1441034,175506,0,0,0,10000,0,254.924,254.924,41.209,0,65537,0
385,P3_10000_1ch_C_r1,1788687026403,ClientDevBridge,1,40,1441034,175506,40,1441034,175506,0,0,0,10000,0,272.802,272.802,37.528,0,65537,0
386,P3_10000_1ch_C_r1,1788687030203,ClientDevBridge,1,40,1441034,175506,40,1441034,175506,0,0,0,10000,0,274.747,274.747,48.471,0,65537,0
387,delta_P3_10000_1ch_C_r2,1788687034203,ClientDevBridge,1,40,1441034,175506,40,1441034,175506,0,0,0,10000,0,279.362,279.362,36.488,0,55852,9685
388,delta_P3_10000_1ch_C_r2,1788687038053,ClientDevBridge,1,40,1441034,175506,40,1441034,175506,0,0,0,10000,0,265.450,265.450,50.505,0,55732,9805
389,delta_P3_10000_1ch_C_r2,1788687041953,ClientDevBridge,1,40,1441034,175506,40,1441034,175506,0,0,0,10000,0,271.533,271.533,35.146,0,65537,0
390,P3_10000_1ch_C_r2,1788687045953,ClientDevBridge,1,40,1441034,175506,40,1441034,175506,0,0,0,10000,0,273.217,273.217,37.074,0,65325,212
391,P3_10000_1ch_C_r2,1788687049753,ClientDevBridge,1,40,1441034,175506,40,1441034,175506,0,0,0,10000,0,257.333,257.333,33.995,0,56438,9099
392,P3_10000_1ch_C_r2,1788687053554,ClientDevBridge,1,40,1441034,175506,40,1441034,175506,0,0,0,10000,0,267.904,267.904,36.184,0,65537,0
393,P3_10000_1ch_C_r2,1788687057553,ClientDevBridge,1,40,1441034,175506,40,1441034,175506,0,0,0,10000,0,262.853,262.853,35.385,0,65537,0
394,P3_10000_1ch_C_r2,1788687061353,ClientDevBridge,1,40,1441034,175506,40,1441034,175506,0,0,0,10000,0,270.168,270.168,45.205,0,65537,0
395,P3_10000_1ch_C_r2,1788687065153,ClientDevBridge,1,40,1441034,175506,40,1441034,175506,0,0,0,10000,0,254.911,254.911,35.333,0,65537,0
396,delta_P3_10000_1ch_C_r3,1788687069103,ClientDevBridge,1,40,1441034,175506,40,1441034,175506,0,0,0,10000,0,261.160,261.160,35.679,0,65537,0
397,delta_P3_10000_1ch_C_r3,1788687072853,ClientDevBridge,1,40,1441034,175506,40,1441034,175506,0,0,0,10000,0,258.312,258.312,36.159,0,65537,0
398,delta_P3_10000_1ch_C_r3,1788687076703,ClientDevBridge,1,40,1441034,175506,40,1441034,175506,0,0,0,10000,0,251.618,251.618,35.671,0,65537,0
399,P3_10000_1ch_C_r3,1788687080703,ClientDevBridge,1,40,1441034,175506,40,1441034,175506,0,0,0,10000,0,258.586,258.586,34.306,0,65537,0
400,P3_10000_1ch_C_r3,1788687084553,ClientDevBridge,1,40,1441034,175506,40,1441034,175506,0,0,0,10000,0,268.031,268.031,41.412,0,65537,0
401,P3_10000_1ch_C_r3,1788687088353,ClientDevBridge,1,40,1441034,175506,40,1441034,175506,0,0,0,10000,0,272.391,272.391,36.369,0,56747,8790
402,P3_10000_1ch_C_r3,1788687092353,ClientDevBridge,1,40,1441034,175506,40,1441034,175506,0,0,0,10000,0,261.060,261.060,45.183,0,65537,0
403,P3_10000_1ch_C_r3,1788687096153,ClientDevBridge,1,40,1441034,175506,40,1441034,175506,0,0,0,10000,0,253.812,253.812,36.385,0,55732,9805
404,P3_10000_1ch_C_r3,1788687099953,ClientDevBridge,1,40,1441034,175506,40,1441034,175506,0,0,0,10000,0,277.015,277.015,38.231,0,65537,0
405,delta_P3_10000_1ch_D_r1,1788687103903,ClientDevBridge,1,40,1441034,175506,40,1441034,175506,0,0,0,10000,0,266.874,266.874,37.103,0,56356,9181
406,delta_P3_10000_1ch_D_r1,1788687107803,ClientDevBridge,1,40,1441034,175506,40,1441034,175506,0,0,0,10000,0,276.961,276.961,40.910,0,65537,0
407,delta_P3_10000_1ch_D_r1,1788687111603,ClientDevBridge,1,40,1441034,175506,40,1441034,175506,0,0,0,10000,0,304.921,304.921,36.967,0,56683,8854
408,P3_10000_1ch_D_r1,1788687115603,ClientDevBridge,1,40,1441034,175506,40,1441034,175506,0,0,0,10000,0,283.977,283.977,41.741,0,65537,0
409,P3_10000_1ch_D_r1,1788687119403,ClientDevBridge,1,40,1441034,175506,40,1441034,175506,0,0,0,10000,0,252.255,252.255,33.421,0,65537,0
410,P3_10000_1ch_D_r1,1788687123203,ClientDevBridge,1,40,1441034,175506,40,1441034,175506,0,0,0,10000,0,276.929,276.929,36.730,0,65537,0
411,P3_10000_1ch_D_r1,1788687127153,ClientDevBridge,1,40,1441034,175506,40,1441034,175506,0,0,0,10000,0,294.179,294.179,35.767,0,65537,0
412,P3_10000_1ch_D_r1,1788687130953,ClientDevBridge,1,40,1441034,175506,40,1441034,175506,0,0,0,10000,0,259.636,259.636,36.905,0,65537,0
413,P3_10000_1ch_D_r1,1788687134803,ClientDevBridge,1,40,1441034,175506,40,1441034,175506,0,0,0,10000,0,251.469,251.469,35.257,0,56683,8854
414,delta_P3_10000_1ch_D_r2,1788687138803,ClientDevBridge,1,40,1441034,175506,40,1441034,175506,0,0,0,10000,0,256.950,256.950,35.561,0,56876,8661
415,delta_P3_10000_1ch_D_r2,1788687142603,ClientDevBridge,1,40,1441034,175506,40,1441034,175506,0,0,0,10000,0,255.866,255.866,36.759,0,65537,0
416,delta_P3_10000_1ch_D_r2,1788687146403,ClientDevBridge,1,40,1441034,175506,40,1441034,175506,0,0,0,10000,0,261.367,261.367,36.188,0,65537,0
417,P3_10000_1ch_D_r2,1788687150353,ClientDevBridge,1,40,1441034,175506,40,1441034,175506,0,0,0,10000,0,287.032,287.032,39.453,0,65537,0
418,P3_10000_1ch_D_r2,1788687154153,ClientDevBridge,1,40,1441034,175506,40,1441034,175506,0,0,0,10000,0,264.567,264.567,35.255,0,65537,0
419,P3_10000_1ch_D_r2,1788687157903,ClientDevBridge,1,40,1441034,175506,40,1441034,175506,0,0,0,10000,0,265.589,265.589,36.146,0,65537,0
420,P3_10000_1ch_D_r2,1788687161903,ClientDevBridge,1,40,1441034,175506,40,1441034,175506,0,0,0,10000,0,264.814,264.814,47.284,0,56356,9181
421,P3_10000_1ch_D_r2,1788687165753,ClientDevBridge,1,40,1441034,175506,40,1441034,175506,0,0,0,10000,0,262.517,262.517,36.248,0,55732,9805
422,P3_10000_1ch_D_r2,1788687169553,ClientDevBridge,1,40,1441034,175506,40,1441034,175506,0,0,0,10000,0,256.189,256.189,34.432,0,65537,0
423,delta_P3_10000_1ch_D_r3,1788687173553,ClientDevBridge,1,40,1441034,175506,40,1441034,175506,0,0,0,10000,0,264.002,264.002,34.952,0,65537,0
424,delta_P3_10000_1ch_D_r3,1788687177353,ClientDevBridge,1,40,1441034,175506,40,1441034,175506,0,0,0,10000,0,264.676,264.676,38.166,0,65537,0
425,delta_P3_10000_1ch_D_r3,1788687181153,ClientDevBridge,1,40,1441034,175506,40,1441034,175506,0,0,0,10000,0,275.845,275.845,38.055,0,56683,8854
426,P3_10000_1ch_D_r3,1788687185153,ClientDevBridge,1,40,1441034,175506,40,1441034,175506,0,0,0,10000,0,279.057,279.057,39.515,0,65537,0
427,P3_10000_1ch_D_r3,1788687188953,ClientDevBridge,1,40,1441034,175506,40,1441034,175506,0,0,0,10000,0,261.416,261.416,36.100,0,65537,0
428,P3_10000_1ch_D_r3,1788687192753,ClientDevBridge,1,40,1441034,175506,40,1441034,175506,0,0,0,10000,0,267.110,267.110,41.217,0,65537,0
429,P3_10000_1ch_D_r3,1788687196753,ClientDevBridge,1,40,1441034,175506,40,1441034,175506,0,0,0,10000,0,261.793,261.793,43.500,0,56876,8661
430,P3_10000_1ch_D_r3,1788687200553,ClientDevBridge,1,40,1441034,175506,40,1441034,175506,0,0,0,10000,0,256.296,256.296,35.367,0,65537,0
431,P3_10000_1ch_D_r3,1788687204353,ClientDevBridge,1,40,1441034,175506,40,1441034,175506,0,0,0,10000,0,276.030,276.030,40.319,0,65537,0
432,P3_1000_1ch_A_r1,1788687307253,ClientDevBridge,1,4,122995,18725,4,122995,18725,0,0,0,1000,0,4.120,5.497,3.513,0,65537,0
433,P3_1000_1ch_A_r2,1788687315453,ClientDevBridge,1,4,122995,18725,4,122995,18725,0,0,0,1000,0,4.414,5.920,3.641,0,65537,0
434,P3_1000_1ch_A_r3,1788687323653,ClientDevBridge,1,4,122995,18725,4,122995,18725,0,0,0,1000,0,3.956,5.659,3.528,0,65537,0
435,P3_1000_1ch_B_r1,1788687331953,ClientDevBridge,1,4,122995,18725,4,122995,18725,0,0,0,1000,0,3.980,5.701,3.628,0,65537,0
436,P3_1000_1ch_B_r2,1788687340153,ClientDevBridge,1,4,122995,18725,4,122995,18725,0,0,0,1000,0,4.307,5.841,3.688,0,65537,0
437,P3_1000_1ch_B_r3,1788687348353,ClientDevBridge,1,4,122995,18725,4,122995,18725,0,0,0,1000,0,4.172,6.250,3.877,0,65537,0
438,P3_10000_1ch_A_r1,1788687362553,ClientDevBridge,1,40,1441034,175470,40,1441034,175470,0,0,0,10000,0,263.112,263.112,34.668,0,65537,0
439,P3_10000_1ch_A_r2,1788687370803,ClientDevBridge,1,40,1441034,175470,40,1441034,175470,0,0,0,10000,0,269.896,269.896,48.995,0,65537,0
440,P3_10000_1ch_A_r3,1788687379053,ClientDevBridge,1,40,1441034,175470,40,1441034,175470,0,0,0,10000,0,291.384,291.384,37.176,0,65537,0
441,P3_10000_1ch_B_r1,1788687387253,ClientDevBridge,1,40,1441034,175470,40,1441034,175470,0,0,0,10000,0,300.295,300.295,35.473,0,56886,8651
442,P3_10000_1ch_B_r2,1788687395503,ClientDevBridge,1,40,1441034,175470,40,1441034,175470,0,0,0,10000,0,298.001,298.001,35.749,0,65537,0
443,P3_10000_1ch_B_r3,1788687403703,ClientDevBridge,1,40,1441034,175470,40,1441034,175470,0,0,0,10000,0,281.095,281.095,35.528,0,65537,0
444,P3_50000_1ch_A_r1,1788687425753,ClientDevBridge,1,196,7550606,865288,196,7550606,865288,0,0,0,50000,0,5651.216,5651.216,226.958,0,55886,9651
445,P3_50000_1ch_A_r2,1788687446653,ClientDevBridge,1,196,7550606,865288,196,7550606,865288,0,0,0,50000,0,5587.006,5587.006,181.599,0,65537,0
446,P3_50000_1ch_A_r3,1788687464353,ClientDevBridge,1,196,7550606,865288,196,7550606,865288,0,0,0,50000,0,5512.799,5512.799,183.175,0,56047,9490
447,P3_50000_1ch_B_r1,1788687482003,ClientDevBridge,1,196,7550606,865288,196,7550606,865288,0,0,0,50000,0,5683.144,5683.144,221.671,0,56904,8633
448,P3_50000_1ch_B_r2,1788687499553,ClientDevBridge,1,196,7550606,865288,196,7550606,865288,0,0,0,50000,0,5405.746,5405.746,185.127,0,56139,9398
449,P3_50000_1ch_B_r3,1788687517154,ClientDevBridge,1,196,7550606,865288,196,7550606,865288,0,0,0,50000,0,5410.858,5410.858,191.918,0,57022,8515
450,P3_10000_4ch_A_r1,1788687548403,ClientDevBridge,4,40,1236611,182505,40,1236611,182505,0,0,0,10000,0,71.608,71.608,34.442,0,56454,9083
451,P3_10000_4ch_A_r2,1788687556603,ClientDevBridge,4,40,1236611,182505,40,1236611,182505,0,0,0,10000,0,74.730,74.730,38.633,0,65537,0
452,P3_10000_4ch_A_r3,1788687564803,ClientDevBridge,4,40,1236611,182505,40,1236611,182505,0,0,0,10000,0,68.144,68.144,34.297,0,55770,9767
453,P3_10000_4ch_B_r1,1788687573103,ClientDevBridge,4,40,1236611,182505,40,1236611,182505,0,0,0,10000,0,68.888,68.888,34.603,0,56289,9248
454,P3_10000_4ch_B_r2,1788687581353,ClientDevBridge,4,40,1236611,182505,40,1236611,182505,0,0,0,10000,0,72.753,72.753,34.559,0,56126,9411
455,P3_10000_4ch_B_r3,1788687589553,ClientDevBridge,4,40,1236611,182505,40,1236611,182505,0,0,0,10000,0,76.348,76.348,38.791,0,65537,0
456,delta_P3_10000_1ch_C_r1,1788687611003,ClientDevBridge,1,40,1441034,175505,40,1441034,175505,0,0,0,10000,0,269.392,269.392,39.354,0,57198,8339
457,P3_10000_1ch_C_r1,1788687624153,ClientDevBridge,1,40,1433815,175002,40,1433815,175002,0,0,0,9967,0,255.198,255.198,34.788,0,65537,0
458,delta_P3_10000_1ch_C_r2,1788687632353,ClientDevBridge,1,40,1433815,175002,40,1433815,175002,0,0,0,9967,0,271.091,271.091,36.317,0,65537,0
459,P3_10000_1ch_C_r2,1788687645553,ClientDevBridge,1,40,1426900,174512,40,1426900,174512,0,0,0,9934,0,296.909,296.909,36.731,0,65537,0
460,delta_P3_10000_1ch_C_r3,1788687653803,ClientDevBridge,1,40,1426900,174512,40,1426900,174512,0,0,0,9934,0,247.041,247.041,33.965,0,65537,0
461,P3_10000_1ch_C_r3,1788687667003,ClientDevBridge,1,40,1422544,174366,40,1422544,174366,0,0,0,9903,0,271.670,271.670,51.167,0,65537,0
462,delta_P3_10000_1ch_D_r1,1788687675153,ClientDevBridge,1,40,1422544,174366,40,1422544,174366,0,0,0,9903,0,259.273,259.273,36.504,0,65537,0
463,P3_10000_1ch_D_r1,1788687688403,ClientDevBridge,1,38,1373069,167943,38,1373069,167943,0,0,0,9595,0,245.403,245.403,34.659,0,65537,0
464,delta_P3_10000_1ch_D_r2,1788687696653,ClientDevBridge,1,38,1373069,167943,38,1373069,167943,0,0,0,9595,0,234.444,234.444,39.210,0,65537,0
465,P3_10000_1ch_D_r2,1788687709853,ClientDevBridge,1,38,1322522,162514,38,1322522,162514,0,0,0,9300,0,242.430,242.430,32.022,0,55961,9576
466,delta_P3_10000_1ch_D_r3,1788687718053,ClientDevBridge,1,38,1322522,162514,38,1322522,162514,0,0,0,9300,0,211.359,211.359,32.604,0,56957,8580
467,P3_10000_1ch_D_r3,1788687731253,ClientDevBridge,1,36,1264146,155512,36,1264146,155512,0,0,0,9008,0,206.869,206.869,32.582,0,65537,0
